tconst,titleType,primaryTitle,originalTitle,isAdult,startYear,endYear,runtimeMinutes,genres,averageRating,numVotes
tt33175825,movie,Attack on Titan the Movie: The Last Attack,Shingeki no Kyojin: The Last Attack,0,2024,,145,"Action,Adventure,Animation",9.2,16055
tt0468569,movie,The Dark Knight,The Dark Knight,0,2008,,152,"Action,Crime,Drama",9.0,3016606
tt0167260,movie,The Lord of the Rings: The Return of the King,The Lord of the Rings: The Return of the King,0,2003,,201,"Adventure,Drama,Fantasy",9.0,2075407
tt16747572,movie,The Silence of Swastika,The Silence of Swastika,0,2021,,56,"Documentary,History",9.0,10621
tt5354160,movie,Mirror Game,Aynabaji,0,2016,,147,"Crime,Mystery,Thriller",8.9,30450
tt2077886,movie,The Phantom of the Opera at the Royal Albert Hall,The Phantom of the Opera at the Royal Albert Hall,0,2011,,137,"Drama,Musical,Romance",8.8,10405
tt10534500,movie,#Home,#Home,0,2021,,158,"Drama,Family",8.8,16628
tt0167261,movie,The Lord of the Rings: The Two Towers,The Lord of the Rings: The Two Towers,0,2002,,179,"Adventure,Drama,Fantasy",8.8,1871220
tt1375666,movie,Inception,Inception,0,2010,,148,"Action,Adventure,Sci-Fi",8.8,2679589
tt33428606,movie,Solo Leveling: ReAwakening,Solo Leveling: ReAwakening,0,2024,,121,"Action,Adventure,Animation",8.8,12641
tt15097216,movie,Jai Bhim,Jai Bhim,0,2021,,164,"Crime,Drama",8.7,225403
tt0816692,movie,Interstellar,Interstellar,0,2014,,169,"Adventure,Drama,Sci-Fi",8.7,2340267
tt10189514,movie,Soorarai Pottru,Soorarai Pottru,0,2020,,153,Drama,8.7,127575
tt8176054,movie,Pariyerum Perumal,Pariyerum Perumal,0,2018,,154,Drama,8.7,19481
tt8737152,movie,Toma,Toma,0,2021,,140,"Biography,Drama,Music",8.7,12970
tt7466810,movie,777 Charlie,777 Charlie,0,2022,,164,"Adventure,Comedy,Drama",8.7,43093
tt6019206,movie,Kill Bill: The Whole Bloody Affair,Kill Bill: The Whole Bloody Affair,0,2006,,247,"Action,Crime,Thriller",8.7,18699
tt14888874,movie,Demon Slayer: Kimetsu no Yaiba - Mt. Natagumo Arc,Kimetsu no Yaiba: Natagumo Yama-hen,0,2020,,138,"Action,Animation,Fantasy",8.7,17345
tt0358456,movie,Earthlings,Earthlings,0,2005,,95,Documentary,8.6,20168
tt9263550,movie,Rocketry: The Nambi Effect,Rocketry: The Nambi Effect,0,2022,,157,"Biography,Drama",8.6,60520
tt0317248,movie,City of God,Cidade de Deus,0,2002,,130,"Crime,Drama",8.6,836515
tt0245429,movie,Spirited Away,Sen to Chihiro no kamikakushi,0,2001,,124,"Adventure,Animation,Family",8.6,908678
tt0367495,movie,Anbe Sivam,Anbe Sivam,0,2003,,160,"Adventure,Comedy,Drama",8.6,26808
tt11580854,movie,Sarpatta Parambarai,Sarpatta parambarai,0,2021,,173,"Action,Drama,Sport",8.5,26723
tt0253474,movie,The Pianist,The Pianist,0,2002,,150,"Biography,Drama,Music",8.5,967049
tt9362722,movie,Spider-Man: Across the Spider-Verse,Spider-Man: Across the Spider-Verse,0,2023,,140,"Action,Adventure,Animation",8.5,453280
tt9617456,movie,For Sama,For Sama,0,2019,,100,"Biography,Documentary,War",8.5,13392
tt15239678,movie,Dune: Part Two,Dune: Part Two,0,2024,,166,"Action,Adventure,Drama",8.5,627587
tt20850406,movie,Sita Ramam,Sita Ramam,0,2022,,163,"Action,Drama,Mystery",8.5,75338
tt4139928,movie,The Legend of Maula Jatt,The Legend of Maula Jatt,0,2022,,153,"Action,Drama,Fantasy",8.5,11295
tt10811166,movie,The Kashmir Files,The Kashmir Files,0,2022,,170,Drama,8.5,576244
tt24082438,movie,20 Days in Mariupol,20 Days in Mariupol,0,2023,,95,"Documentary,War",8.5,25532
tt0346336,movie,The Best of Youth,La meglio gioventù,0,2003,,374,"Drama,Romance",8.5,25312
tt1675434,movie,The Intouchables,Intouchables,0,2011,,112,"Comedy,Drama",8.5,976989
tt6751668,movie,Parasite,Gisaengchung,0,2019,,132,"Drama,Thriller",8.5,1059996
tt7019842,movie,96,96,0,2018,,158,"Drama,Romance",8.5,41240
tt16492678,movie,Demon Slayer: Kimetsu no Yaiba - Tsuzumi Mansion Arc,Kimetsu no Yaiba: Tsuzumi Yashiki-hen,0,2021,,87,"Action,Animation,Fantasy",8.5,32099
tt1014762,movie,Home,Home,0,2009,,118,"Documentary,Family",8.5,23282
tt8413338,movie,Kumbalangi Nights,Kumbalangi Nights,0,2019,,135,"Comedy,Drama,Romance",8.5,19902
tt0407887,movie,The Departed,The Departed,0,2006,,151,"Crime,Drama,Thriller",8.5,1485971
tt0172495,movie,Gladiator,Gladiator,0,2000,,155,"Action,Adventure,Drama",8.5,1756940
tt0482571,movie,The Prestige,The Prestige,0,2006,,130,"Drama,Mystery,Sci-Fi",8.5,1512754
tt0314067,movie,Philanthropy,Filantropica,0,2002,,110,"Comedy,Drama",8.4,14276
tt0383846,movie,"When I Grow Up, I'll Be a Kangaroo",Kad porastem bicu Kengur,0,2004,,92,Comedy,8.4,11973
tt4154796,movie,Avengers: Endgame,Avengers: Endgame,0,2019,,181,"Action,Adventure,Sci-Fi",8.4,1354625
tt4987556,movie,Thani Oruvan,Thani Oruvan,0,2015,,160,"Action,Crime,Drama",8.4,22617
tt0361748,movie,Inglourious Basterds,Inglourious Basterds,0,2009,,153,"Adventure,Drama,War",8.4,1680017
tt12415546,movie,Attack on Titan: Chronicle,Shingeki no Kyojin: Chronicle,0,2020,,122,"Action,Adventure,Animation",8.4,12383
tt4633694,movie,Spider-Man: Into the Spider-Verse,Spider-Man: Into the Spider-Verse,0,2018,,117,"Action,Adventure,Animation",8.4,729355
tt12361178,movie,Drishyam 2,Drishyam 2,0,2021,,152,"Crime,Drama,Mystery",8.4,42942
tt1187043,movie,3 Idiots,3 Idiots,0,2009,,170,"Comedy,Drama",8.4,457920
tt5959980,movie,Vada Chennai,Vada Chennai,0,2018,,164,"Action,Crime,Drama",8.4,21237
tt4154756,movie,Avengers: Infinity War,Avengers: Infinity War,0,2018,,149,"Action,Adventure,Sci-Fi",8.4,1284957
tt5311514,movie,Your Name.,Kimi no na wa.,0,2016,,106,"Animation,Drama,Fantasy",8.4,356112
tt9900782,movie,Kaithi,Kaithi,0,2019,,145,"Action,Crime,Thriller",8.4,46441
tt4991384,movie,Visaaranai,Visaranai,0,2015,,117,"Crime,Drama,Thriller",8.4,12893
tt0770802,movie,Samsara,Samsara,0,2011,,102,"Documentary,Music",8.4,39026
tt0209144,movie,Memento,Memento,0,2000,,113,"Mystery,Thriller",8.4,1377376
tt1313104,movie,The Cove,The Cove,0,2009,,92,"Biography,Crime,Documentary",8.4,52327
tt9477520,movie,Asuran,Asuran,0,2019,,141,"Action,Drama",8.4,35544
tt2380307,movie,Coco,Coco,0,2017,,105,"Adventure,Animation,Drama",8.4,648750
tt8267604,movie,Capernaum,Capharnaüm,0,2018,,126,Drama,8.4,115898
tt0400234,movie,Black Friday,Black Friday,0,2004,,143,"Action,Crime,Drama",8.4,22647
tt3674140,movie,The Salt of the Earth,The Salt of the Earth,0,2014,,110,"Biography,Documentary,History",8.4,24434
tt3417422,movie,Drishyam,Drishyam,0,2013,,160,"Crime,Drama,Mystery",8.4,45889
tt1345836,movie,The Dark Knight Rises,The Dark Knight Rises,0,2012,,164,"Action,Crime,Drama",8.4,1911194
tt26548265,movie,Maharaja,Maharaja,0,2024,,141,"Action,Crime,Drama",8.4,67749
tt0416960,movie,The Lizard,Marmoulak,0,2004,,115,"Comedy,Drama",8.4,23571
tt0910970,movie,WALL·E,WALL·E,0,2008,,98,"Adventure,Animation,Family",8.4,1259449
tt7060344,movie,Raatchasan,Ratsasan,0,2018,,146,"Crime,Mystery,Thriller",8.3,53735
tt2106476,movie,The Hunt,Jagten,0,2012,,115,Drama,8.3,387573
tt8503618,movie,Hamilton,Hamilton,0,2020,,160,"Biography,Drama,History",8.3,127284
tt3668162,movie,Bangalore Days,Bangalore Days,0,2014,,171,"Comedy,Drama,Romance",8.3,24251
tt0338013,movie,Eternal Sunshine of the Spotless Mind,Eternal Sunshine of the Spotless Mind,0,2004,,108,"Drama,Romance,Sci-Fi",8.3,1135250
tt21626284,movie,Lost Ladies,Laapataa Ladies,0,2023,,122,"Comedy,Drama",8.3,51057
tt0435761,movie,Toy Story 3,Toy Story 3,0,2010,,103,"Adventure,Animation,Comedy",8.3,930738
tt9098872,movie,The Rescue,The Rescue,0,2021,,107,"Action,Documentary,Mystery",8.3,22185
tt4679210,movie,Premam,Premam,0,2015,,156,"Comedy,Drama,Romance",8.3,25537
tt5312232,movie,Sairat,Sairat,0,2016,,174,"Drama,Romance",8.3,15348
tt15398776,movie,Oppenheimer,Oppenheimer,0,2023,,180,"Biography,Drama,History",8.3,887544
tt10280296,movie,Sardar Udham,Sardar Udham,0,2021,,164,"Crime,Drama,History",8.3,49118
tt13391710,movie,Jana Gana Mana,Jana Gana Mana,0,2022,,162,"Drama,Thriller",8.3,19041
tt0180093,movie,Requiem for a Dream,Requiem for a Dream,0,2000,,102,Drama,8.3,937837
tt7286456,movie,Joker,Joker,0,2019,,122,"Crime,Drama,Thriller",8.3,1606631
tt9006564,movie,2018,2018,0,2023,,150,"Action,Drama,Thriller",8.3,14319
tt14961016,movie,I'm Still Here,Ainda Estou Aqui,0,2024,,137,"Biography,Drama,History",8.3,106524
tt0376127,movie,Anniyan,Anniyan,0,2005,,181,"Action,Crime,Drama",8.3,23189
tt8652818,movie,Violet Evergarden: The Movie,Gekijôban Vaioretto Evâgâden,0,2020,,140,"Animation,Drama,Fantasy",8.3,12237
tt0211915,movie,Amélie,Le fabuleux destin d'Amélie Poulain,0,2001,,122,"Comedy,Romance",8.3,817955
tt2877108,movie,Soodhu Kavvum,Soodhu Kavvum,0,2013,,135,"Comedy,Crime,Thriller",8.3,12355
tt0986264,movie,Like Stars on Earth,Taare Zameen Par,0,2007,,162,"Drama,Family",8.3,217520
tt4851630,movie,Maheshinte Prathikaaram,Maheshinte Prathikaaram,0,2016,,120,"Comedy,Drama",8.3,11208
tt9179430,movie,Vikram,Vikram,0,2022,,175,"Action,Crime,Thriller",8.3,80672
tt2358592,movie,Lucia,Lucia,0,2013,,135,"Drama,Sci-Fi,Thriller",8.3,13612
tt9052870,movie,Chhichhore,Chhichhore,0,2019,,143,"Comedy,Drama,Romance",8.3,67821
tt5867800,movie,Aruvi,Aruvi,0,2016,,130,Drama,8.3,14764
tt4908644,movie,Winter on Fire: Ukraine's Fight for Freedom,Winter on Fire: Ukraine's Fight for Freedom,0,2015,,102,"Documentary,History",8.3,21131
tt1255953,movie,Incendies,Incendies,0,2010,,131,"Drama,Mystery,War",8.3,227113
tt5074352,movie,Dangal,Dangal,0,2016,,161,"Action,Biography,Drama",8.3,225114
tt0301634,movie,Frozen Stiff,Mrtav 'ladan,0,2002,,90,"Comedy,Drama",8.3,10562
tt8110330,movie,Dil Bechara,Dil Bechara,0,2020,,101,"Comedy,Drama,Romance",8.3,136189
tt27719898,movie,Kaiva,Kaiva,0,2023,,138,"Action,Drama,Romance",8.3,68973
tt10214826,movie,Agent Sai Srinivasa Athreya,Agent Sai Srinivasa Athreya,0,2019,,148,"Comedy,Crime,Mystery",8.3,18032
tt18568902,movie,Kaun Pravin Tambe?,Kaun Pravin Tambe?,0,2022,,134,"Biography,Drama,Sport",8.3,11472
tt7838252,movie,K.G.F: Chapter 1,K.G.F: Chapter 1,0,2018,,154,"Action,Crime,Drama",8.2,104629
tt15501640,movie,Drishyam 2,Drishyam 2,0,2022,,140,"Crime,Drama,Mystery",8.2,48603
tt0993846,movie,The Wolf of Wall Street,The Wolf of Wall Street,0,2013,,180,"Biography,Comedy,Crime",8.2,1684205
tt1392214,movie,Prisoners,Prisoners,0,2013,,153,"Crime,Drama,Mystery",8.2,870122
tt2181831,movie,Shahid,Shahid,0,2012,,129,"Biography,Drama",8.2,18153
tt0477348,movie,No Country for Old Men,No Country for Old Men,0,2007,,122,"Crime,Drama,Thriller",8.2,1120528
tt2125608,movie,Searching for Sugar Man,Searching for Sugar Man,0,2012,,86,"Biography,Documentary,Music",8.2,74705
tt10872600,movie,Spider-Man: No Way Home,Spider-Man: No Way Home,0,2021,,148,"Action,Adventure,Fantasy",8.2,949577
tt4430212,movie,Drishyam,Drishyam,0,2015,,163,"Crime,Drama,Mystery",8.2,100938
tt1305806,movie,The Secret in Their Eyes,El secreto de sus ojos,0,2009,,129,"Drama,Mystery,Romance",8.2,232433
tt0471571,movie,Athadu,Athadu,0,2005,,172,"Action,Crime,Drama",8.2,15657
tt6316138,movie,Ayla: The Daughter of War,Ayla,0,2017,,125,"Biography,Drama,History",8.2,45981
tt6966692,movie,Green Book,Green Book,0,2018,,130,"Biography,Comedy,Drama",8.2,634153
tt4849438,movie,Baahubali 2: The Conclusion,Bãhubali 2: The Conclusion,0,2017,,167,"Action,Drama",8.2,123243
tt8291224,movie,Uri: The Surgical Strike,Uri: The Surgical Strike,0,2019,,138,"Action,Drama,History",8.2,75801
tt1745960,movie,Top Gun: Maverick,Top Gun: Maverick,0,2022,,130,"Action,Drama",8.2,773638
tt3569782,movie,Jigarthanda,Jigarthanda,0,2014,,171,"Comedy,Crime,Drama",8.2,14204
tt5895028,movie,13th,13th,0,2016,,100,"Crime,Documentary,History",8.2,38519
tt26458038,movie,Manjummel Boys,Manjummel Boys,0,2024,,135,"Adventure,Drama,Thriller",8.2,27457
tt0476735,movie,My Father and My Son,Babam ve Oglum,0,2005,,112,"Drama,Family",8.2,97286
tt1562872,movie,Zindagi Na Milegi Dobara,Zindagi Na Milegi Dobara,0,2011,,155,"Comedy,Drama,Musical",8.2,90338
tt0372784,movie,Batman Begins,Batman Begins,0,2005,,140,"Action,Crime,Drama",8.2,1644757
tt7392212,movie,Rangasthalam,Rangasthalam,0,2018,,170,"Action,Drama",8.2,29286
tt28459771,movie,Oficina do Diabo,Oficina do Diabo,0,2025,,124,Drama,8.2,31658
tt0363163,movie,Downfall,Der Untergang,0,2004,,156,"Biography,Drama,History",8.2,388172
tt0422320,movie,Ghilli,Ghilli,0,2004,,160,"Action,Drama,Romance",8.2,18237
tt29623480,movie,The Wild Robot,The Wild Robot,0,2024,,102,"Animation,Sci-Fi",8.2,165948
tt0268978,movie,A Beautiful Mind,A Beautiful Mind,0,2001,,135,"Biography,Drama,Mystery",8.2,1021141
tt0367110,movie,Swades,"Swades: We, the People",0,2004,,189,"Drama,Musical",8.2,101532
tt2356180,movie,Bhaag Milkha Bhaag,Bhaag Milkha Bhaag,0,2013,,186,"Biography,Drama,Sport",8.2,74513
tt0266543,movie,Finding Nemo,Finding Nemo,0,2003,,100,"Adventure,Animation,Comedy",8.2,1158975
tt0469494,movie,There Will Be Blood,There Will Be Blood,0,2007,,158,Drama,8.2,670233
tt6148156,movie,Vikram Vedha,Vikram Vedha,0,2017,,147,"Action,Crime,Drama",8.2,52810
tt1620933,movie,Paan Singh Tomar,Paan Singh Tomar,0,2012,,135,"Action,Biography,Crime",8.2,39011
tt5929776,movie,Before the Flood,Before the Flood,0,2016,,96,"Documentary,News",8.2,29337
tt1130884,movie,Shutter Island,Shutter Island,0,2010,,138,"Drama,Mystery,Thriller",8.2,1547252
tt15327088,movie,Kantara,Kantara,0,2022,,148,"Action,Adventure,Drama",8.2,107668
tt10272386,movie,The Father,The Father,0,2020,,97,"Drama,Mystery",8.2,212654
tt10698680,movie,K.G.F: Chapter 2,K.G.F: Chapter 2,0,2022,,166,"Action,Crime,Drama",8.2,158543
tt25433734,movie,Hi Nanna,Hi Nanna,0,2023,,155,"Drama,Family,Romance",8.2,19973
tt34956443,movie,Ne Zha 2,Nezha: Mo tong nao hai,0,2025,,143,"Action,Adventure,Animation",8.2,10776
tt0457430,movie,Pan's Labyrinth,El laberinto del fauno,0,2006,,118,"Drama,Fantasy,War",8.2,724321
tt8108198,movie,Andhadhun,Andhadhun,0,2018,,139,"Crime,Mystery,Thriller",8.2,108312
tt6380520,movie,Dhuruvangal Pathinaaru,Dhuruvangal Pathinaaru,0,2016,,105,"Crime,Drama,Mystery",8.2,17610
tt0843326,movie,Bommarillu,Bommarillu,0,2006,,170,"Comedy,Drama,Romance",8.2,10490
tt8579674,movie,1917,1917,0,2019,,119,"Action,Drama,War",8.2,726815
tt8239946,movie,Tumbbad,Tumbbad,0,2018,,108,"Drama,Fantasy,Horror",8.2,68170
tt0466460,movie,Khosla Ka Ghosla!,Khosla Ka Ghosla!,0,2006,,135,"Comedy,Crime,Drama",8.2,25827
tt2375605,movie,The Act of Killing,The Act of Killing,0,2012,,117,"Biography,Crime,Documentary",8.2,42351
tt4729430,movie,Klaus,Klaus,0,2019,,96,"Adventure,Animation,Comedy",8.2,213917
tt2218988,movie,Ustad Hotel,Ustad Hotel,0,2012,,151,"Comedy,Drama",8.2,17674
tt1645089,movie,Inside Job,Inside Job,0,2010,,109,"Crime,Documentary",8.2,81207
tt7019942,movie,Super Deluxe,Super Deluxe,0,2019,,176,"Comedy,Crime,Drama",8.2,18898
tt0208092,movie,Snatch,Snatch,0,2000,,102,"Comedy,Crime",8.2,945293
tt11032374,movie,Demon Slayer: Kimetsu no Yaiba - The Movie: Mugen Train,Gekijô-ban Kimetsu no Yaiba Mugen Ressha-hen,0,2020,,117,"Action,Adventure,Animation",8.2,83738
tt19811010,movie,The Remarkable Life of Ibelin,Ibelin,0,2024,,103,"Animation,Biography,Documentary",8.2,12321
tt11396310,movie,Viduthalai: Part 1,Viduthalai Part 1,0,2023,,150,"Action,Crime,Drama",8.2,11006
tt2659414,movie,Miracle in Cell No. 7,7-beon-bang-ui seon-mul,0,2013,,127,"Comedy,Drama",8.1,25145
tt0374887,movie,Munna Bhai M.B.B.S.,Munna Bhai M.B.B.S.,0,2003,,156,"Comedy,Drama",8.1,91911
tt4934950,movie,Guilty,Talvar,0,2015,,132,"Crime,Drama,Mystery",8.1,39647
tt1291584,movie,Warrior,Warrior,0,2011,,140,"Action,Drama,Sport",8.1,513918
tt2283748,movie,OMG: Oh My God!,OMG: Oh My God!,0,2012,,125,"Comedy,Drama,Fantasy",8.1,68060
tt0405508,movie,Rang De Basanti,Rang De Basanti,0,2006,,167,"Comedy,Crime,Drama",8.1,124332
tt8613070,movie,Portrait of a Lady on Fire,Portrait de la jeune fille en feu,0,2019,,122,"Drama,Romance",8.1,118866
tt4573394,movie,Endless Corridor,Endless Corridor,0,2014,,52,"Documentary,History",8.1,42247
tt0871510,movie,Chak De! India,Chak De! India,0,2007,,153,"Drama,Family,Sport",8.1,87062
tt0375611,movie,Black,Black,0,2005,,122,Drama,8.1,36900
tt7236034,movie,I Want to Eat Your Pancreas,Kimi no suizô o tabetai,0,2018,,109,"Animation,Drama,Family",8.1,29870
tt31193180,movie,Sinners,Sinners,0,2025,,137,"Action,Drama,Horror",8.1,74758
tt0353969,movie,Memories of Murder,Salinui chueok,0,2003,,132,"Crime,Drama,Mystery",8.1,240578
tt19853258,movie,Still: A Michael J. Fox Movie,Still,0,2023,,95,"Biography,Documentary",8.1,16917
tt1205489,movie,Gran Torino,Gran Torino,0,2008,,116,Drama,8.1,838548
tt1201607,movie,Harry Potter and the Deathly Hallows: Part 2,Harry Potter and the Deathly Hallows - Part 2,0,2011,,130,"Adventure,Family,Fantasy",8.1,996251
tt7286916,movie,The Dawn Wall,The Dawn Wall,0,2017,,100,"Biography,Documentary,Sport",8.1,21772
tt8108268,movie,The Tashkent Files,The Tashkent Files,0,2019,,134,"Drama,Mystery,Thriller",8.1,36423
tt2267998,movie,Gone Girl,Gone Girl,0,2014,,149,"Drama,Mystery,Thriller",8.1,1119788
tt27118357,movie,Amaran,Amaran,0,2024,,167,"Action,Biography,Drama",8.1,18695
tt2338151,movie,PK,PK,0,2014,,153,"Comedy,Drama,Sci-Fi",8.1,210447
tt0453729,movie,Iqbal,Iqbal,0,2005,,132,"Drama,Sport",8.1,18067
tt2082197,movie,Barfi!,Barfi!,0,2012,,151,"Comedy,Drama,Romance",8.1,89964
tt1639426,movie,Udaan,Udaan,0,2010,,134,Drama,8.1,48519
tt4016934,movie,The Handmaiden,Ah-ga-ssi,0,2016,,145,"Drama,Romance,Thriller",8.1,187919
tt0395169,movie,Hotel Rwanda,Hotel Rwanda,0,2004,,121,"Biography,Drama,History",8.1,383559
tt5027774,movie,"Three Billboards Outside Ebbing, Missouri","Three Billboards Outside Ebbing, Missouri",0,2017,,115,"Comedy,Crime,Drama",8.1,582330
tt13299890,movie,The Great Indian Kitchen,The Great Indian Kitchen,0,2021,,100,"Comedy,Drama,Family",8.1,10696
tt14152756,movie,Seaspiracy,Seaspiracy,0,2021,,89,"Adventure,Documentary",8.1,34987
tt1280558,movie,A Wednesday,A Wednesday,0,2008,,104,"Action,Crime,Drama",8.1,84083
tt2024544,movie,12 Years a Slave,12 Years a Slave,0,2013,,134,"Biography,Drama,History",8.1,764088
tt0382932,movie,Ratatouille,Ratatouille,0,2007,,111,"Adventure,Animation,Comedy",8.1,883814
tt1634013,movie,Montevideo: Taste of a Dream,"Montevideo, Bog te video!",0,2010,,140,"Adventure,Comedy,Drama",8.1,13412
tt3315342,movie,Logan,Logan,0,2017,,137,"Action,Drama,Sci-Fi",8.1,888801
tt0264464,movie,Catch Me If You Can,Catch Me If You Can,0,2002,,141,"Biography,Crime,Drama",8.1,1163302
tt0405159,movie,Million Dollar Baby,Million Dollar Baby,0,2004,,132,"Drama,Sport",8.1,745732
tt4635372,movie,Masaan,Masaan,0,2015,,109,Drama,8.1,33072
tt0244316,movie,Yi Yi,Yi yi,0,2000,,173,"Drama,Romance",8.1,30416
tt3455224,movie,Virunga,Virunga,0,2014,,100,"Documentary,War",8.1,12519
tt2278388,movie,The Grand Budapest Hotel,The Grand Budapest Hotel,0,2014,,99,"Comedy,Drama",8.1,925564
tt0118694,movie,In the Mood for Love,Fa yeung nin wah,0,2000,,98,"Drama,Romance",8.1,176886
tt0892769,movie,How to Train Your Dragon,How to Train Your Dragon,0,2010,,98,"Action,Adventure,Animation",8.1,842823
tt10324144,movie,Article 15,Article 15,0,2019,,130,"Crime,Drama,Mystery",8.1,38404
tt5323662,movie,A Silent Voice: The Movie,Koe no katachi,0,2016,,130,"Animation,Drama",8.1,120021
tt0351817,movie,The Twilight Samurai,Tasogare Seibei,0,2002,,129,"Drama,Romance",8.1,26344
tt1950186,movie,Ford v Ferrari,Ford v Ferrari,0,2019,,152,"Action,Biography,Drama",8.1,521643
tt2545118,movie,Blackfish,Blackfish,0,2013,,83,"Documentary,Drama,Horror",8.1,74833
tt3302820,movie,Cowspiracy: The Sustainability Secret,Cowspiracy: The Sustainability Secret,0,2014,,90,Documentary,8.1,27051
tt3863552,movie,Bajrangi Bhaijaan,Bajrangi Bhaijaan,0,2015,,163,"Action,Adventure,Comedy",8.1,104444
tt3322420,movie,Queen,Queen,0,2013,,146,"Adventure,Comedy,Drama",8.1,69733
tt2096673,movie,Inside Out,Inside Out,0,2015,,95,"Adventure,Animation,Comedy",8.1,866090
tt0428870,movie,A Moment to Remember,Nae meorisokui jiwoogae,0,2004,,117,"Drama,Romance",8.1,26428
tt11375428,movie,Hridayam,Hridayam,0,2022,,172,"Drama,Musical,Romance",8.1,17810
tt1979320,movie,Rush,Rush,0,2013,,123,"Biography,Drama,Sport",8.1,533927
tt3170832,movie,Room,Room,0,2015,,118,"Drama,Thriller",8.1,467473
tt1113829,movie,George Harrison: Living in the Material World,George Harrison: Living in the Material World,0,2011,,208,"Biography,Documentary,Music",8.1,12982
tt3801314,movie,Kaththi,Kaththi,0,2014,,166,"Action,Drama",8.1,31797
tt7775622,movie,Free Solo,Free Solo,0,2018,,100,"Adventure,Documentary,Sport",8.1,81649
tt4432480,movie,RangiTaranga,RangiTaranga,0,2015,,149,"Mystery,Thriller",8.1,15601
tt1454029,movie,The Help,The Help,0,2011,,146,Drama,8.1,512410
tt0330243,movie,Day of the Wacko,Dzien swira,0,2002,,93,"Comedy,Drama,Romance",8.1,12549
tt10554232,movie,Dara of Jasenovac,Dara iz Jasenovca,0,2020,,130,"Drama,War",8.1,82132
tt9851854,movie,Major,Major,0,2022,,150,"Action,Biography,Drama",8.1,33427
tt0169102,movie,Lagaan: Once Upon a Time in India,Lagaan: Once Upon a Time in India,0,2001,,224,"Drama,Musical,Sport",8.1,123811
tt1392190,movie,Mad Max: Fury Road,Mad Max: Fury Road,0,2015,,120,"Action,Adventure,Sci-Fi",8.1,1164153
tt1895587,movie,Spotlight,Spotlight,0,2015,,129,"Biography,Crime,Drama",8.1,518277
tt7476236,movie,Minding the Gap,Minding the Gap,0,2018,,93,"Documentary,Sport",8.0,10808
tt0401792,movie,Sin City,Sin City,0,2005,,124,"Crime,Thriller",8.0,807184
tt11581174,movie,Karnan,Karnan,0,2021,,158,"Action,Drama",8.0,24404
tt2377938,movie,Special 26,Special Chabbis,0,2013,,144,"Crime,Drama,History",8.0,60790
tt4044364,movie,Citizenfour,Citizenfour,0,2014,,114,"Biography,Documentary",8.0,59067
tt15242330,movie,The First Slam Dunk,The First Slam Dunk,0,2022,,124,"Animation,Comedy,Drama",8.0,11297
tt0758758,movie,Into the Wild,Into the Wild,0,2007,,148,"Adventure,Biography,Drama",8.0,678799
tt1010048,movie,Slumdog Millionaire,Slumdog Millionaire,0,2008,,120,"Crime,Drama,Romance",8.0,894783
tt0488414,movie,Omkara,Omkara,0,2006,,155,"Action,Crime,Drama",8.0,23009
tt0246578,movie,Donnie Darko,Donnie Darko,0,2001,,113,"Drama,Mystery,Sci-Fi",8.0,881407
tt2576852,movie,The Tale of The Princess Kaguya,Kaguya-hime no monogatari,0,2013,,137,"Animation,Drama,Family",8.0,58185
tt4169250,movie,M.S. Dhoni: The Untold Story,M.S. Dhoni: The Untold Story,0,2016,,184,"Biography,Drama,Sport",8.0,71752
tt0816258,movie,Pokiri,Pokiri,0,2006,,164,"Action,Crime,Thriller",8.0,16318
tt0947798,movie,Black Swan,Black Swan,0,2010,,108,"Drama,Thriller",8.0,858107
tt1499666,movie,Castaway on the Moon,Kimssi pyoryugi,0,2009,,116,"Comedy,Drama,Romance",8.0,20376
tt3560686,movie,The Fool,Durak,0,2014,,116,"Crime,Drama,Thriller",8.0,17450
tt0379225,movie,The Corporation,The Corporation,0,2003,,145,"Documentary,History",8.0,22051
tt0319061,movie,Big Fish,Big Fish,0,2003,,125,"Adventure,Drama,Fantasy",8.0,468987
tt0317705,movie,The Incredibles,The Incredibles,0,2004,,115,"Action,Adventure,Animation",8.0,854267
tt5198068,movie,Wolfwalkers,WolfWalkers,0,2020,,103,"Action,Adventure,Animation",8.0,41860
tt0401383,movie,The Diving Bell and the Butterfly,Le scaphandre et le papillon,0,2007,,112,"Biography,Drama",8.0,111723
tt1798709,movie,Her,Her,0,2013,,126,"Drama,Romance,Sci-Fi",8.0,700994
tt1856101,movie,Blade Runner 2049,Blade Runner 2049,0,2017,,164,"Action,Drama,Mystery",8.0,712594
tt3686998,movie,The Red Pill,The Red Pill,0,2016,,108,Documentary,8.0,12309
tt6628102,movie,The Wild Pear Tree,Ahlat Agaci,0,2018,,188,Drama,8.0,29495
tt1865505,movie,Song of the Sea,Song of the Sea,0,2014,,93,"Adventure,Animation,Drama",8.0,65728
tt1128075,movie,Love Exposure,Ai no mukidashi,0,2008,,237,"Action,Comedy,Drama",8.0,16864
tt0276919,movie,Dogville,Dogville,0,2003,,171,"Crime,Drama",8.0,163943
tt28089700,movie,Raid 2,Raid 2,0,2025,,145,"Crime,Drama,Thriller",8.0,21132
tt0478209,movie,Metal: A Headbanger's Journey,Metal: A Headbanger's Journey,0,2005,,96,"Documentary,Music",8.0,12692
tt0848228,movie,The Avengers,The Avengers,0,2012,,143,"Action,Sci-Fi",8.0,1506528
tt0369702,movie,The Sea Inside,Mar adentro,0,2004,,126,"Biography,Drama",8.0,86946
tt15980138,movie,Kishkindha Kaandam,Kishkindha Kaandam,0,2024,,133,"Drama,Mystery,Thriller",8.0,11811
tt2150209,movie,My Grandfather's People,Dedemin Insanlari,0,2011,,126,"Comedy,Drama,Family",8.0,11653
tt8633462,movie,"Quo Vadis, Aida?","Quo Vadis, Aida?",0,2020,,101,"Drama,History,War",8.0,40455
tt0378194,movie,Kill Bill: Vol. 2,Kill Bill: Vol. 2,0,2004,,137,"Action,Crime,Thriller",8.0,837130
tt1185616,movie,Waltz with Bashir,Vals Im Bashir,0,2008,,90,"Animation,Biography,Documentary",8.0,61722
tt0454921,movie,The Pursuit of Happyness,The Pursuit of Happyness,0,2006,,117,"Biography,Drama",8.0,590860
tt10366460,movie,CODA,CODA,0,2021,,111,"Comedy,Drama,Music",8.0,178071
tt27540542,movie,Lucky Baskhar,Lucky Baskhar,0,2024,,148,"Crime,Drama,Thriller",8.0,32067
tt11422728,movie,"Summer of Soul (...Or, When the Revolution Could Not Be Televised)","Summer of Soul (...Or, When the Revolution Could Not Be Televised)",0,2021,,118,"Documentary,History,Music",8.0,14641
tt24485052,movie,Sirf Ek Bandaa Kaafi Hai,Sirf Ek Bandaa Kaafi Hai,0,2023,,132,"Crime,Drama,Thriller",8.0,30374
tt0450259,movie,Blood Diamond,Blood Diamond,0,2006,,143,"Adventure,Drama,Thriller",8.0,606493
tt1069238,movie,Departures,Okuribito,0,2008,,130,Drama,8.0,56314
tt2015381,movie,Guardians of the Galaxy,Guardians of the Galaxy,0,2014,,121,"Action,Adventure,Comedy",8.0,1316053
tt1160419,movie,Dune: Part One,Dune: Part One,0,2021,,155,"Action,Adventure,Drama",8.0,955011
tt28814949,movie,Taylor Swift: The Eras Tour,Taylor Swift: The Eras Tour,0,2023,,169,"Documentary,Music,Musical",8.0,24183
tt0292490,movie,Dil Chahta Hai,Dil Chahta Hai,0,2001,,183,"Comedy,Drama,Romance",8.0,77824
tt3612616,movie,Mommy,Mommy,0,2014,,139,Drama,8.0,63931
tt1504320,movie,The King's Speech,The King's Speech,0,2010,,118,"Biography,Drama,History",8.0,721211
tt2070649,movie,Silenced,Do-ga-ni,0,2011,,125,"Crime,Drama,Thriller",8.0,24709
tt0381061,movie,Casino Royale,Casino Royale,0,2006,,144,"Action,Adventure,Thriller",8.0,717286
tt1555149,movie,Elite Squad 2: The Enemy Within,Tropa de Elite 2: O Inimigo Agora é Outro,0,2010,,115,"Crime,Drama,Thriller",8.0,89489
tt1171701,movie,The Breath,Nefes,0,2009,,128,"Action,Drama,Thriller",8.0,36210
tt0424227,movie,Turtles Can Fly,Lakposhtha parvaz mikonand,0,2004,,98,"Drama,War",8.0,21560
tt0278736,movie,Stanley Kubrick: A Life in Pictures,Stanley Kubrick: A Life in Pictures,0,2001,,142,"Biography,Documentary",8.0,12366
tt0245712,movie,Amores Perros,Amores perros,0,2000,,154,"Drama,Thriller",8.0,267460
tt0338564,movie,Infernal Affairs,Mou gaan dou,0,2002,,101,"Crime,Drama,Mystery",8.0,134763
tt27542289,movie,Por Thozhil,Por Thozhil,0,2023,,147,"Action,Crime,Thriller",8.0,11529
tt1935156,movie,Jodorowsky's Dune,Jodorowsky's Dune,0,2013,,90,Documentary,8.0,28742
tt0436971,movie,Why We Fight,Why We Fight,0,2005,,98,"Documentary,History,War",8.0,10373
tt31392609,movie,How to Make Millions Before Grandma Dies,Lahn Mah,0,2024,,125,"Comedy,Drama,Family",8.0,15420
tt0861739,movie,Elite Squad,Tropa de Elite,0,2007,,115,"Action,Crime,Drama",8.0,114908
tt0923752,movie,The King of Kong: A Fistful of Quarters,The King of Kong,0,2007,,79,"Biography,Documentary,Sport",8.0,38148
tt1431045,movie,Deadpool,Deadpool,0,2016,,108,"Action,Comedy,Sci-Fi",8.0,1205139
tt2028530,movie,Paradise Lost 3: Purgatory,Paradise Lost 3: Purgatory,0,2011,,121,"Crime,Documentary",8.0,11236
tt8991268,movie,Honeyland,Medena zemja,0,2019,,89,"Documentary,Drama",8.0,19969
tt24226474,movie,Jigarthanda Double X,Jigarthanda DoubleX,0,2023,,172,"Action,Comedy,Drama",8.0,11057
tt1592303,movie,Ask Your Heart,Yüregine Sor,0,2010,,115,"Drama,Romance",8.0,10002
tt3390572,movie,Haider,Haider,0,2014,,160,"Action,Crime,Drama",8.0,59395
tt0456144,movie,Lage Raho Munna Bhai,Lage Raho Munna Bhai,0,2006,,144,"Comedy,Drama,Romance",8.0,51892
tt0352248,movie,Cinderella Man,Cinderella Man,0,2005,,144,"Biography,Drama,Romance",8.0,204153
tt3461252,movie,The Blue Elephant,The Blue Elephant,0,2014,,170,"Crime,Drama,Horror",8.0,30521
tt4257858,movie,Going Clear: Scientology & the Prison of Belief,Going Clear: Scientology and the Prison of Belief,0,2015,,119,Documentary,8.0,41795
tt2758880,movie,Winter Sleep,Kis Uykusu,0,2014,,196,Drama,8.0,57479
tt0386064,movie,Tae Guk Gi: The Brotherhood of War,Taegukgi hwinallimyeo,0,2004,,140,"Action,Drama,War",8.0,41795
tt4857264,movie,The Invisible Guest,Contratiempo,0,2016,,106,"Crime,Drama,Mystery",8.0,202410
tt10919240,movie,Malik,Malik,0,2021,,162,"Action,Biography,Crime",8.0,14623
tt0408664,movie,Nobody Knows,Dare mo shiranai,0,2004,,141,Drama,8.0,33458
tt1220719,movie,Ip Man,Ip Man,0,2008,,106,"Action,Biography,Drama",8.0,238422
tt2631186,movie,Baahubali: The Beginning,Bãhubali: The Beginning,0,2015,,159,"Action,Drama",8.0,144622
tt0317910,movie,The Fog of War,The Fog of War: Eleven Lessons from the Life of Robert S. McNamara,0,2003,,107,"Biography,Documentary,History",8.0,25646
tt0296574,movie,Company,Company,0,2002,,142,"Action,Crime,Drama",8.0,16731
tt10515086,movie,The Blue Elephant 2,The Blue Elephant 2,0,2019,,130,"Crime,Drama,Horror",8.0,11547
tt0366840,movie,Okkadu,Okkadu,0,2003,,171,"Action,Drama,Romance",8.0,11200
tt8075192,movie,Shoplifters,Manbiki kazoku,0,2018,,121,"Crime,Drama,Thriller",7.9,91439
tt2584384,movie,Jojo Rabbit,Jojo Rabbit,0,2019,,108,"Comedy,Drama,War",7.9,466784
tt0860906,movie,Evangelion: 2.0 You Can (Not) Advance,Evangelion Shin Gekijôban: Ha,0,2009,,112,"Action,Animation,Drama",7.9,26794
tt0327056,movie,Mystic River,Mystic River,0,2003,,138,"Crime,Drama,Mystery",7.9,503618
tt10717738,movie,Anjaam Pathiraa,Anjaam Pathiraa,0,2020,,144,"Crime,Mystery,Thriller",7.9,10164
tt0247586,movie,Nine Queens,Nueve reinas,0,2000,,114,"Crime,Drama,Thriller",7.9,59617
tt0168629,movie,Dancer in the Dark,Dancer in the Dark,0,2000,,135,"Crime,Drama,Musical",7.9,120520
tt6791350,movie,Guardians of the Galaxy Vol. 3,Guardians of the Galaxy Vol. 3,0,2023,,150,"Action,Adventure,Comedy",7.9,427439
tt0436231,movie,The Devil and Daniel Johnston,The Devil and Daniel Johnston,0,2005,,110,"Biography,Documentary,Music",7.9,10767
tt0301727,movie,Winged Migration,Le peuple migrateur,0,2001,,89,Documentary,7.9,12530
tt2375559,movie,1: Nenokkadine,1 - Nenokkadine,0,2014,,170,"Action,Thriller",7.9,47177
tt19653180,movie,Leila's Brothers,Baradaran-e Leila,0,2022,,165,Drama,7.9,16683
tt18687124,movie,BTS Permission to Dance on Stage - Seoul: Live Viewing,BTS Permission to Dance on Stage - Seoul: Live Viewing,0,2022,,195,"Documentary,Music",7.9,17560
tt27503384,movie,Perfect Days,Perfect Days,0,2023,,124,Drama,7.9,82688
tt0347304,movie,Kal Ho Naa Ho,Kal Ho Naa Ho,0,2003,,186,"Comedy,Drama,Musical",7.9,78368
tt32080876,movie,Dragon,Dragon,0,2025,,157,"Comedy,Drama,Romance",7.9,11292
tt0365748,movie,Shaun of the Dead,Shaun of the Dead,0,2004,,99,"Comedy,Horror",7.9,618575
tt2543472,movie,Wonder,Wonder,0,2017,,113,"Drama,Family",7.9,188232
tt1659337,movie,The Perks of Being a Wallflower,The Perks of Being a Wallflower,0,2012,,103,Drama,7.9,570211
tt12361974,movie,Zack Snyder's Justice League,Zack Snyder's Justice League,0,2021,,242,"Action,Adventure,Fantasy",7.9,455529
tt2543164,movie,Arrival,Arrival,0,2016,,116,"Drama,Mystery,Sci-Fi",7.9,816189
tt0790636,movie,Dallas Buyers Club,Dallas Buyers Club,0,2013,,117,"Biography,Drama",7.9,534695
tt7485048,movie,Super 30,Super 30,0,2019,,154,"Biography,Drama",7.9,39234
tt7218518,movie,Pad Man,Pad Man,0,2018,,140,"Comedy,Drama",7.9,30478
tt2395469,movie,Gully Boy,Gully Boy,0,2019,,154,"Drama,Music,Romance",7.9,45126
tt11833648,movie,The Book of Sun,Shams Al-Ma'arif,0,2020,,120,Comedy,7.9,12052
tt8108200,movie,Sonchiriya,Sonchiriya,0,2019,,143,"Action,Crime,Drama",7.9,13310
tt1065073,movie,Boyhood,Boyhood,0,2014,,165,Drama,7.9,375111
tt1327035,movie,Dev.D,Dev.D,0,2009,,144,"Comedy,Drama,Romance",7.9,33143
tt8430054,movie,Flee,Flugt,0,2021,,89,"Animation,Biography,Documentary",7.9,20514
tt1727824,movie,Bohemian Rhapsody,Bohemian Rhapsody,0,2018,,134,"Biography,Drama,Music",7.9,621982
tt1602620,movie,Amour,Amour,0,2012,,127,Drama,7.9,108263
tt0814075,movie,Deliver Us from Evil,Deliver Us from Evil,0,2006,,101,"Crime,Documentary",7.9,11093
tt0126029,movie,Shrek,Shrek,0,2001,,90,"Adventure,Animation,Comedy",7.9,772617
tt7294534,movie,Arjun Reddy,Arjun Reddy,0,2017,,182,"Drama,Romance",7.9,28766
tt1183919,movie,Marley,Marley,0,2012,,144,"Biography,Documentary,Music",7.9,14769
tt6878038,movie,A Taxi Driver,Taeksi woonjunsa,0,2017,,137,"Action,Drama,History",7.9,35092
tt1587707,movie,Exit Through the Gift Shop,Exit Through the Gift Shop,0,2010,,87,"Comedy,Crime,Documentary",7.9,69955
tt0432283,movie,Fantastic Mr. Fox,Fantastic Mr. Fox,0,2009,,87,"Adventure,Animation,Comedy",7.9,285801
tt4387040,movie,Airlift,Airlift,0,2016,,130,"Drama,History",7.9,59780
tt1125849,movie,The Wrestler,The Wrestler,0,2008,,109,"Drama,Sport",7.9,325616
tt2882328,movie,Ugly,Ugly,0,2013,,128,"Crime,Drama,Mystery",7.9,24340
tt0283509,movie,No Man's Land,No Man's Land,0,2001,,98,"Comedy,Drama,War",7.9,49714
tt11790780,movie,The Alpinist,The Alpinist,0,2021,,92,"Biography,Documentary",7.9,15864
tt3614516,movie,Ankhon Dekhi,Ankhon Dekhi,0,2013,,107,"Comedy,Drama",7.9,13242
tt11772746,movie,Thiruchitrambalam,Thiruchitrambalam,0,2022,,131,"Comedy,Drama,Musical",7.9,16781
tt4772188,movie,Flow,Straume,0,2024,,85,"Adventure,Animation,Family",7.9,76649
tt2370248,movie,Short Term 12,Short Term 12,0,2013,,96,Drama,7.9,93732
tt1087578,movie,Still Walking,Aruitemo aruitemo,0,2008,,115,Drama,7.9,19787
tt0206634,movie,Children of Men,Children of Men,0,2006,,109,"Drama,Sci-Fi,Thriller",7.9,547221
tt1702014,movie,The Way He Looks,Hoje Eu Quero Voltar Sozinho,0,2014,,96,"Drama,Romance",7.9,28669
tt7725596,movie,Badhaai Ho,Badhaai ho,0,2018,,124,"Comedy,Drama",7.9,39227
tt3501632,movie,Thor: Ragnarok,Thor: Ragnarok,0,2017,,130,"Action,Adventure,Comedy",7.9,854261
tt1136608,movie,District 9,District 9,0,2009,,112,"Action,Sci-Fi,Thriller",7.9,735149
tt8946378,movie,Knives Out,Knives Out,0,2019,,130,"Comedy,Crime,Drama",7.9,816093
tt6333060,movie,Icarus,Icarus,0,2017,,120,"Documentary,Sport",7.9,56582
tt0393597,movie,Earth,Earth,0,2007,,90,Documentary,7.9,14835
tt0454876,movie,Life of Pi,Life of Pi,0,2012,,127,"Adventure,Drama,Fantasy",7.9,684665
tt1631867,movie,Edge of Tomorrow,Edge of Tomorrow,0,2014,,113,"Action,Adventure,Sci-Fi",7.9,771522
tt0423866,movie,3-Iron,Binjip,0,2004,,88,"Crime,Drama,Romance",7.9,59899
tt2209418,movie,Before Midnight,Before Midnight,0,2013,,109,"Drama,Romance",7.9,179149
tt7653254,movie,Marriage Story,Marriage Story,0,2019,,137,"Drama,Romance",7.9,360408
tt2926068,movie,Manam,Manam,0,2014,,163,"Comedy,Drama,Fantasy",7.9,12390
tt0293715,movie,My Sassy Girl,Yeopgijeogin geunyeo,0,2001,,137,"Comedy,Drama,Romance",7.9,51724
tt0166924,movie,Mulholland Drive,Mulholland Dr.,0,2001,,147,"Drama,Mystery,Thriller",7.9,406611
tt5221894,movie,The Other Me,Eteros ego,0,2016,,101,"Crime,Drama,Mystery",7.9,13443
tt2265171,movie,The Raid 2,Serbuan maut 2: Berandal,0,2014,,150,"Action,Crime,Thriller",7.9,135618
tt5116302,movie,Togo,Togo,0,2019,,113,"Adventure,Biography,Drama",7.9,58845
tt10869778,movie,Maidaan,Maidaan,0,2024,,181,"Biography,Drama,History",7.9,22700
tt1032846,movie,"4 Months, 3 Weeks and 2 Days","4 luni, 3 saptamâni si 2 zile",0,2007,,113,Drama,7.9,64654
tt1360860,movie,About Elly,Darbareye Elly,0,2009,,119,"Drama,Mystery",7.9,59113
tt1188996,movie,My Name Is Khan,My Name Is Khan,0,2010,,165,"Drama,Romance",7.9,119562
tt1282139,movie,Cars of the Revolution,Devrim Arabalari,0,2008,,120,"Drama,History",7.9,13015
tt14849194,movie,The Holdovers,The Holdovers,0,2023,,133,"Comedy,Drama",7.9,199254
tt1877832,movie,X-Men: Days of Future Past,X-Men: Days of Future Past,0,2014,,132,"Action,Adventure,Sci-Fi",7.9,769616
tt0181875,movie,Almost Famous,Almost Famous,0,2000,,122,"Adventure,Comedy,Drama",7.9,303958
tt0796366,movie,Star Trek,Star Trek,0,2009,,127,"Action,Adventure,Sci-Fi",7.9,629406
tt0304141,movie,Harry Potter and the Prisoner of Azkaban,Harry Potter and the Prisoner of Azkaban,0,2004,,142,"Adventure,Family,Fantasy",7.9,728467
tt25434834,movie,Viduthalai Part 2,Viduthalai Part 2,0,2024,,170,"Action,Crime,Drama",7.8,16073
tt1816518,movie,Ernest & Celestine,Ernest et Célestine,0,2012,,80,"Adventure,Animation,Comedy",7.8,23273
tt2488496,movie,Star Wars: Episode VII - The Force Awakens,Star Wars: Episode VII - The Force Awakens,0,2015,,138,"Action,Adventure,Sci-Fi",7.8,998599
tt1132620,movie,The Girl with the Dragon Tattoo,Män som hatar kvinnor,0,2009,,152,"Crime,Drama,Mystery",7.8,226798
tt3169706,movie,Pride,Pride,0,2014,,119,"Biography,Comedy,Drama",7.8,63556
tt0425112,movie,Hot Fuzz,Hot Fuzz,0,2007,,121,"Action,Comedy,Mystery",7.8,551518
tt0420332,movie,Veer-Zaara,Veer-Zaara,0,2004,,192,"Drama,Family,Musical",7.8,59747
tt1596363,movie,The Big Short,The Big Short,0,2015,,130,"Biography,Comedy,Drama",7.8,510659
tt0401085,movie,C.R.A.Z.Y.,C.R.A.Z.Y.,0,2005,,129,"Comedy,Drama",7.8,34687
tt5013056,movie,Dunkirk,Dunkirk,0,2017,,106,"Action,Drama,History",7.8,772362
tt30970235,movie,Article 370,Article 370,0,2024,,158,"Action,Drama,Thriller",7.8,24741
tt14230458,movie,Poor Things,Poor Things,0,2023,,141,"Comedy,Drama,Romance",7.8,340733
tt0379786,movie,Serenity,Serenity,0,2005,,119,"Action,Adventure,Sci-Fi",7.8,310484
tt0964517,movie,The Fighter,The Fighter,0,2010,,116,"Action,Biography,Drama",7.8,398767
tt3553976,movie,Captain Fantastic,Captain Fantastic,0,2016,,118,"Comedy,Drama",7.8,243716
tt2967286,movie,Steins;Gate: The Movie - Load Region of Déjà Vu,Gekijouban Steins;Gate: Fuka ryouiki no dejavu,0,2013,,90,"Animation,Mystery,Sci-Fi",7.8,10421
tt27470893,movie,Chandu Champion,Chandu Champion,0,2024,,142,"Action,Biography,Drama",7.8,33909
tt0460791,movie,The Fall,The Fall,0,2006,,117,"Adventure,Drama,Fantasy",7.8,122878
tt2194499,movie,About Time,About Time,0,2013,,123,"Comedy,Drama,Fantasy",7.8,412094
tt2382298,movie,Life Itself,Life Itself,0,2014,,121,"Biography,Documentary",7.8,16485
tt14331144,movie,Jujutsu Kaisen 0,Gekijouban Jujutsu Kaisen 0,0,2021,,112,"Action,Animation,Fantasy",7.8,49676
tt0323013,movie,Lakshya,Lakshya,0,2004,,186,"Action,Drama,Romance",7.8,26645
tt9660502,movie,Close,Close,0,2022,,104,Drama,7.8,43193
tt3742378,movie,The Second Mother,Que Horas Ela Volta?,0,2015,,112,"Comedy,Drama",7.8,18280
tt0456149,movie,The Death of Mr. Lazarescu,Moartea domnului Lazarescu,0,2005,,153,"Comedy,Drama",7.8,16354
tt0388473,movie,Tokyo Godfathers,Tôkyô goddofâzâzu,0,2003,,92,"Adventure,Animation,Comedy",7.8,50976
tt0291350,movie,Millennium Actress,Sennen joyû,0,2001,,87,"Animation,Drama,Fantasy",7.8,34473
tt10083340,movie,Gangubai Kathiawadi,Gangubai Kathiawadi,0,2022,,152,"Biography,Crime,Drama",7.8,64150
tt0347048,movie,Head-On,Gegen die Wand,0,2004,,121,"Drama,Romance",7.8,59281
tt5207158,movie,South Wind,Juzni vetar,0,2018,,130,"Crime,Drama,Thriller",7.8,12916
tt0427312,movie,Grizzly Man,Grizzly Man,0,2005,,103,"Biography,Documentary",7.8,64496
tt2358913,movie,Berserk: The Golden Age Arc III - The Advent,Berserk: Ougon jidai-hen III - Kourin,0,2013,,110,"Action,Adventure,Animation",7.8,12527
tt2321405,movie,My Life as a Zucchini,Ma vie de Courgette,0,2016,,70,"Animation,Comedy,Drama",7.8,31242
tt3460252,movie,The Hateful Eight,The Hateful Eight,0,2015,,168,"Crime,Drama,Mystery",7.8,690958
tt0258463,movie,The Bourne Identity,The Bourne Identity,0,2002,,119,"Action,Mystery,Thriller",7.8,594356
tt1287878,movie,Poetry,Si,0,2010,,139,Drama,7.8,14164
tt2331143,movie,"Like Father, Like Son",Soshite chichi ni naru,0,2013,,121,Drama,7.8,29657
tt1170358,movie,The Hobbit: The Desolation of Smaug,The Hobbit: The Desolation of Smaug,0,2013,,161,"Adventure,Fantasy",7.8,731310
tt5213534,movie,Oasis: Supersonic,Supersonic,0,2016,,122,"Biography,Documentary,Music",7.8,13161
tt0291376,movie,Nayak: The Real Hero,Nayak: The Real Hero,0,2001,,187,"Action,Drama,Thriller",7.8,18558
tt0332280,movie,The Notebook,The Notebook,0,2004,,123,"Drama,Romance",7.8,654652
tt26658272,movie,Amar Singh Chamkila,Amar Singh Chamkila,0,2024,,145,"Biography,Drama,Music",7.8,16299
tt1827487,movie,Once Upon a Time in Anatolia,Bir Zamanlar Anadolu'da,0,2011,,157,"Crime,Drama,Thriller",7.8,52148
tt0783233,movie,Atonement,Atonement,0,2007,,123,"Drama,Mystery,Romance",7.8,313764
tt1813757,movie,Who Killed Captain Alex?,Who Killed Captain Alex?,0,2010,,64,"Action,Comedy,Crime",7.8,11399
tt0292542,movie,Son of the Bride,El hijo de la novia,0,2001,,123,"Comedy,Drama",7.8,17010
tt12262116,movie,Thirteen Lives,Thirteen Lives,0,2022,,147,"Biography,Drama,Thriller",7.8,73559
tt1772925,movie,Jiro Dreams of Sushi,Jiro Dreams of Sushi,0,2011,,81,Documentary,7.8,38912
tt1398426,movie,Straight Outta Compton,Straight Outta Compton,0,2015,,147,"Biography,Drama,History",7.8,226932
tt4034228,movie,Manchester by the Sea,Manchester by the Sea,0,2016,,137,Drama,7.8,333373
tt2013293,movie,The Wind Rises,Kaze tachinu,0,2013,,126,"Animation,Biography,Drama",7.8,106279
tt0903624,movie,The Hobbit: An Unexpected Journey,The Hobbit: An Unexpected Journey,0,2012,,169,"Adventure,Fantasy",7.8,902143
tt13206926,movie,Joji,Joji,0,2021,,113,"Crime,Drama",7.8,11677
tt1260502,movie,Ghost in the Shell 2.0,Kôkaku kidôtai 2.0,0,2008,,83,"Action,Animation,Crime",7.8,15633
tt23770030,movie,Memoir of a Snail,Memoir of a Snail,0,2024,,95,"Animation,Drama",7.8,17516
tt1051907,movie,For Love and Honor,Kabadayi,0,2007,,140,"Crime,Drama",7.8,24952
tt28288786,movie,Premalu,Premalu,0,2024,,156,"Comedy,Romance",7.8,19594
tt0358273,movie,Walk the Line,Walk the Line,0,2005,,136,"Biography,Drama,Music",7.8,274044
tt11382384,movie,The Dissident,The Dissident,0,2020,,119,"Crime,Documentary,Thriller",7.8,30836
tt4769824,movie,In This Corner (and Other Corners) of the World,Kono sekai no katasumi ni,0,2016,,129,"Animation,Drama,History",7.8,13202
tt0373856,movie,Gangaajal,Gangaajal,0,2003,,157,"Action,Crime,Drama",7.8,18601
tt0765429,movie,American Gangster,American Gangster,0,2007,,157,"Biography,Crime,Drama",7.8,471272
tt16277242,movie,Society of the Snow,La sociedad de la nieve,0,2023,,144,"Adventure,Biography,Drama",7.8,161562
tt1646971,movie,How to Train Your Dragon 2,How to Train Your Dragon 2,0,2014,,102,"Action,Adventure,Animation",7.8,381082
tt0851577,movie,The Island,Ostrov,0,2006,,112,"Comedy,Drama",7.8,12938
tt4846340,movie,Hidden Figures,Hidden Figures,0,2016,,127,"Biography,Drama,History",7.8,274117
tt0780504,movie,Drive,Drive,0,2011,,100,"Action,Drama",7.8,735194
tt7758160,movie,Goodachari,Goodachari,0,2018,,147,"Action,Thriller",7.8,12419
tt10895576,movie,Mimi,Mimi,0,2021,,132,"Comedy,Drama",7.8,44654
tt8367814,movie,The Gentlemen,The Gentlemen,0,2019,,113,"Action,Crime",7.8,433005
tt31711040,movie,Look Back,Rukku bakku,0,2024,,58,"Animation,Drama",7.8,15042
tt0300140,movie,Lilya 4-Ever,Lilja 4-ever,0,2002,,109,"Crime,Drama",7.8,52451
tt7268738,movie,Minnal Murali,Minnal Murali,0,2021,,158,"Action,Comedy,Drama",7.8,33715
tt0139654,movie,Training Day,Training Day,0,2001,,122,"Crime,Drama,Thriller",7.8,495463
tt3841424,movie,Land of Mine,Under sandet,0,2015,,100,"Drama,History,War",7.8,47719
tt1235166,movie,A Prophet,Un prophète,0,2009,,155,"Crime,Drama",7.8,104928
tt5168192,movie,"I, Daniel Blake","I, Daniel Blake",0,2016,,100,Drama,7.8,66744
tt3262342,movie,Loving Vincent,Loving Vincent,0,2017,,94,"Animation,Drama,Mystery",7.8,66158
tt0472043,movie,Apocalypto,Apocalypto,0,2006,,139,"Action,Adventure,Drama",7.8,344719
tt11107074,movie,My Hero Academia: Heroes Rising,Boku no Hîrô Akademia za Mûbî Hîrôzu: Raijingu,0,2019,,104,"Action,Adventure,Animation",7.8,11040
tt8535968,movie,System Crasher,Systemsprenger,0,2019,,125,Drama,7.8,15824
tt5104604,movie,Isle of Dogs,Isle of Dogs,0,2018,,101,"Adventure,Animation,Comedy",7.8,199768
tt0275277,movie,Cowboy Bebop: The Movie,Cowboy Bebop: Tengoku no tobira,0,2001,,115,"Action,Animation,Crime",7.8,55488
tt0449059,movie,Little Miss Sunshine,Little Miss Sunshine,0,2006,,101,"Comedy,Drama",7.8,536972
tt31434639,movie,Warfare,Warfare,0,2025,,95,"Action,Drama,War",7.8,17354
tt2061702,movie,To the Forest of Firefly Lights,Hotarubi no mori e,0,2011,,45,"Animation,Drama,Fantasy",7.8,23596
tt4285496,movie,Embrace of the Serpent,El abrazo de la serpiente,0,2015,,125,"Adventure,Biography,Drama",7.8,25200
tt2531318,movie,The Beatles: Eight Days a Week - The Touring Years,The Beatles: Eight Days a Week - The Touring Years,0,2016,,106,"Documentary,History,Music",7.8,14176
tt1924396,movie,The Best Offer,La migliore offerta,0,2013,,131,"Crime,Drama,Mystery",7.8,133129
tt0320193,movie,Oasis,Oasiseu,0,2002,,133,"Drama,Romance",7.8,10941
tt2870648,movie,Amy,Amy,0,2015,,128,"Biography,Documentary,Music",7.8,56952
tt2180477,movie,Nanban,Nanban,0,2012,,188,"Comedy,Drama",7.8,17620
tt1839596,movie,Rockstar,Rockstar,0,2011,,159,"Drama,Music,Romance",7.8,52539
tt1877830,movie,The Batman,The Batman,0,2022,,176,"Action,Crime,Drama",7.8,869719
tt26660021,movie,Aavesham,Aavesham,0,2024,,155,"Action,Comedy",7.8,28125
tt0325710,movie,The Last Samurai,The Last Samurai,0,2003,,154,"Action,Drama",7.8,488682
tt0372824,movie,The Chorus,Les choristes,0,2004,,97,"Drama,Music",7.8,69479
tt0907657,movie,Once,Once,0,2006,,86,"Drama,Music,Musical",7.8,123233
tt1286537,movie,"Food, Inc.","Food, Inc.",0,2008,,94,"Documentary,News",7.8,52813
tt0210945,movie,Remember the Titans,Remember the Titans,0,2000,,113,"Biography,Comedy,Drama",7.8,240253
tt1302006,movie,The Irishman,The Irishman,0,2019,,209,"Biography,Crime,Drama",7.8,452783
tt1139797,movie,Let the Right One In,Låt den rätte komma in,0,2008,,114,"Drama,Fantasy,Horror",7.8,233255
tt1655442,movie,The Artist,The Artist,0,2011,,100,"Comedy,Drama,Romance",7.8,252198
tt1016150,movie,All Quiet on the Western Front,Im Westen nichts Neues,0,2022,,148,"Drama,History,War",7.8,273312
tt2872718,movie,Nightcrawler,Nightcrawler,0,2014,,117,"Crime,Drama,Thriller",7.8,636216
tt0421715,movie,The Curious Case of Benjamin Button,The Curious Case of Benjamin Button,0,2008,,166,"Drama,Fantasy,Romance",7.8,720974
tt6710474,movie,Everything Everywhere All at Once,Everything Everywhere All at Once,0,2022,,139,"Action,Adventure,Comedy",7.8,579539
tt27431598,movie,Bramayugam,Bramayugam,0,2024,,139,"Drama,Horror,Thriller",7.8,14133
tt1748122,movie,Moonrise Kingdom,Moonrise Kingdom,0,2012,,94,"Adventure,Comedy,Drama",7.8,374589
tt7455754,movie,The Game Changers,The Game Changers,0,2018,,86,"Documentary,Sport",7.8,22340
tt0171359,movie,Hamlet,Hamlet,0,2000,,112,"Drama,Romance,Thriller",5.9,10218
tt0462519,movie,School for Scoundrels,School for Scoundrels,0,2006,,100,Comedy,5.9,31320
tt1477855,movie,Hyde Park on Hudson,Hyde Park on Hudson,0,2012,,94,"Biography,Comedy,Drama",5.9,12528
tt1666185,movie,All Eyez on Me,All Eyez on Me,0,2017,,139,"Biography,Drama,Music",5.9,25511
tt2034800,movie,The Great Wall,The Great Wall,0,2016,,103,"Action,Adventure,Fantasy",5.9,153326
tt0338096,movie,Dirty Dancing: Havana Nights,Dirty Dancing: Havana Nights,0,2004,,86,"Drama,Music,Romance",5.9,30116
tt8368406,movie,Vivarium,Vivarium,0,2019,,97,"Horror,Mystery,Sci-Fi",5.9,82750
tt21191806,movie,Back in Action,Back in Action,0,2025,,114,"Action,Comedy",5.9,55062
tt0479500,movie,Nancy Drew,Nancy Drew,0,2007,,99,"Comedy,Crime,Family",5.9,22016
tt0881320,movie,Sanctum,Sanctum,0,2011,,108,"Action,Adventure,Drama",5.9,58041
tt0289848,movie,Analyze That,Analyze That,0,2002,,96,"Comedy,Crime",5.9,91218
tt3286052,movie,The Blackcoat's Daughter,February,0,2015,,93,"Horror,Mystery,Thriller",5.9,29757
tt0450314,movie,Punisher: War Zone,Punisher: War Zone,0,2008,,103,"Action,Crime,Drama",5.9,69157
tt1296898,movie,Waiting for Forever,Waiting for Forever,0,2010,,95,"Comedy,Drama,Romance",5.9,20283
tt0485985,movie,Red Tails,Red Tails,0,2012,,125,"Action,Drama,History",5.9,37927
tt6063050,movie,Acrimony,Acrimony,0,2018,,120,"Drama,Horror,Romance",5.9,10483
tt14371860,movie,Apartment 7A,Apartment 7A,0,2024,,107,"Horror,Thriller",5.9,16564
tt1010271,movie,The Poughkeepsie Tapes,The Poughkeepsie Tapes,0,2007,,81,"Horror,Mystery,Thriller",5.9,28345
tt0838247,movie,After.Life,After.Life,0,2009,,104,"Drama,Mystery,Thriller",5.9,42241
tt4181052,movie,Special Correspondents,Special Correspondents,0,2016,,101,Comedy,5.9,26915
tt3949660,movie,Teenage Mutant Ninja Turtles: Out of the Shadows,Teenage Mutant Ninja Turtles: Out of the Shadows,0,2016,,112,"Action,Adventure,Comedy",5.9,103328
tt0216216,movie,The 6th Day,The 6th Day,0,2000,,123,"Action,Mystery,Sci-Fi",5.9,130756
tt4823776,movie,The SpongeBob Movie: Sponge on the Run,The SpongeBob Movie: Sponge on the Run,0,2020,,91,"Adventure,Animation,Comedy",5.9,23748
tt0372237,movie,Guess Who,Guess Who,0,2005,,105,"Comedy,Romance",5.9,47137
tt0477071,movie,Premonition,Premonition,0,2007,,96,"Drama,Fantasy,Mystery",5.9,83335
tt0244000,movie,American Outlaws,American Outlaws,0,2001,,94,"Action,Western",5.9,18121
tt1093908,movie,Confessions of a Shopaholic,Confessions of a Shopaholic,0,2009,,104,"Comedy,Romance",5.9,85543
tt8883486,movie,Medieval,Medieval,0,2022,,125,"Action,Drama,History",5.9,13852
tt9531772,movie,Sooryavanshi,Sooryavanshi,0,2021,,145,"Action,Crime,Drama",5.9,80321
tt0865559,movie,My Life in Ruins,My Life in Ruins,0,2009,,95,"Comedy,Romance",5.9,21200
tt0411061,movie,88 Minutes,88 Minutes,0,2007,,108,"Crime,Drama,Mystery",5.9,79403
tt2474024,movie,The Last Five Years,The Last Five Years,0,2014,,94,"Comedy,Drama,Musical",5.9,11033
tt30057084,movie,Babygirl,Babygirl,0,2024,,114,"Drama,Romance,Thriller",5.9,55876
tt5670152,movie,Traffik,Traffik,0,2018,,96,"Action,Thriller",5.9,22211
tt21276878,movie,You Are So Not Invited to My Bat Mitzvah,You Are So Not Invited to My Bat Mitzvah,0,2023,,103,Comedy,5.9,26213
tt3445702,movie,1/1,1/1,0,2018,,85,Drama,5.9,11199
tt0763831,movie,A Thousand Words,A Thousand Words,0,2012,,91,"Comedy,Drama,Fantasy",5.9,46405
tt4131496,movie,The Vanishing,The Vanishing,0,2018,,107,"Drama,Mystery,Thriller",5.9,21851
tt3717490,movie,Power Rangers,Power Rangers,0,2017,,124,"Action,Adventure,Fantasy",5.9,116880
tt0427152,movie,Dinner for Schmucks,Dinner for Schmucks,0,2010,,114,Comedy,5.9,113477
tt0791304,movie,Georgia Rule,Georgia Rule,0,2007,,113,"Comedy,Drama",5.9,28212
tt2387499,movie,Keeping Up with the Joneses,Keeping Up with the Joneses,0,2016,,105,"Action,Comedy",5.9,70612
tt2397461,movie,Clifford the Big Red Dog,Clifford the Big Red Dog,0,2021,,96,"Adventure,Comedy,Family",5.9,18025
tt0314063,movie,Immortal,Immortel (ad vitam),0,2004,,103,"Drama,Sci-Fi,Thriller",5.9,22085
tt1658837,movie,The Tall Man,The Tall Man,0,2012,,106,"Crime,Drama,Horror",5.9,44141
tt4975920,movie,The Kid,The Kid,0,2019,,100,"Biography,Drama,Western",5.9,10024
tt1034314,movie,Iron Sky,Iron Sky,0,2012,,93,"Action,Adventure,Comedy",5.9,97630
tt10793644,movie,The Vigil,The Vigil,0,2019,,89,"Horror,Mystery,Thriller",5.8,10493
tt0456020,movie,Waist Deep,Waist Deep,0,2006,,97,"Action,Crime,Drama",5.8,10718
tt10733228,movie,Gehraiyaan,Gehraiyaan,0,2022,,148,"Drama,Romance",5.8,44792
tt0964587,movie,St. Trinian's,St. Trinian's,0,2007,,97,"Comedy,Family",5.8,24124
tt0373051,movie,Journey to the Center of the Earth,Journey to the Center of the Earth,0,2008,,93,"Action,Adventure,Family",5.8,136116
tt15574270,movie,I Saw the TV Glow,I Saw the TV Glow,0,2024,,100,"Drama,Mystery",5.8,36397
tt8004664,movie,Come Play,Come Play,0,2020,,96,"Drama,Horror,Mystery",5.8,19316
tt0414982,movie,Final Destination 3,Final Destination 3,0,2006,,93,"Horror,Thriller",5.8,163483
tt1186370,movie,Spread,Spread,0,2009,,97,"Comedy,Drama,Romance",5.8,42685
tt0286788,movie,What a Girl Wants,What a Girl Wants,0,2003,,105,"Comedy,Drama,Family",5.8,68643
tt1939659,movie,Carrie,Carrie,0,2013,,100,"Drama,Horror,Thriller",5.8,152222
tt0486051,movie,Wind Chill,Wind Chill,0,2007,,91,"Adventure,Drama,Horror",5.8,25893
tt1059836,movie,Transit,Transit,0,2012,,88,"Action,Crime,Thriller",5.8,12002
tt1321511,movie,Oldboy,Oldboy,0,2013,,104,"Action,Drama,Mystery",5.8,82890
tt10483386,movie,Mumbai Saga,Mumbai Saga,0,2021,,135,"Action,Crime,History",5.8,10056
tt0271946,movie,The Accidental Spy,Dak mo mai sing,0,2001,,87,"Action,Comedy,Crime",5.8,19299
tt5442456,movie,24 Hours to Live,24 Hours to Live,0,2017,,93,"Action,Sci-Fi,Thriller",5.8,16794
tt4429194,movie,Paris Can Wait,Bonjour Anne,0,2016,,92,"Comedy,Drama,Romance",5.8,10066
tt10065694,movie,Antebellum,Antebellum,0,2020,,105,"Drama,Horror,Mystery",5.8,30984
tt10521144,movie,Nightbooks,Nightbooks,0,2021,,103,"Family,Fantasy,Horror",5.8,11039
tt2006040,movie,A Fantastic Fear of Everything,A Fantastic Fear of Everything,0,2012,,100,"Comedy,Horror",5.8,15538
tt0267891,movie,The Ringer,The Ringer,0,2005,,94,"Comedy,Sport",5.8,39775
tt0318155,movie,Looney Tunes: Back in Action,Looney Tunes: Back in Action,0,2003,,91,"Adventure,Animation,Comedy",5.8,41819
tt1129445,movie,Amelia,Amelia,0,2009,,111,"Adventure,Biography,Drama",5.8,13980
tt0816436,movie,Black Water,Black Water,0,2007,,90,"Adventure,Drama,Horror",5.8,16617
tt0338466,movie,Stuck on You,Stuck on You,0,2003,,118,Comedy,5.8,55906
tt2693664,movie,Young Ones,Young Ones,0,2014,,100,"Action,Drama,Romance",5.8,10674
tt0452594,movie,The Break-Up,The Break-Up,0,2006,,106,"Comedy,Drama,Romance",5.8,142086
tt9619798,movie,The Wrong Missy,The Wrong Missy,0,2020,,90,"Comedy,Romance",5.8,48198
tt1517260,movie,The Host,The Host,0,2013,,125,"Action,Adventure,Drama",5.8,120196
tt26753003,movie,Trap,Trap,0,2024,,105,"Crime,Horror,Mystery",5.8,139538
tt0499097,movie,Without Remorse,Without Remorse,0,2021,,109,"Action,Drama,Thriller",5.8,67759
tt0765446,movie,Escape from Planet Earth,Escape from Planet Earth,0,2012,,89,"Adventure,Animation,Comedy",5.8,27447
tt3128900,movie,Miss Meadows,Miss Meadows,0,2014,,88,"Comedy,Crime,Drama",5.8,11007
tt0221218,movie,The Glass House,The Glass House,0,2001,,106,"Crime,Drama,Mystery",5.8,41152
tt2417712,movie,Goon: Last of the Enforcers,Goon: Last of the Enforcers,0,2017,,101,"Comedy,Sport",5.8,15496
tt13456318,movie,Persuasion,Persuasion,0,2022,,108,"Drama,Romance",5.8,37935
tt0210382,movie,The Weight of Water,The Weight of Water,0,2000,,114,"Crime,Drama,Mystery",5.8,10257
tt0449487,movie,Passengers,Passengers,0,2008,,93,"Mystery,Romance,Thriller",5.8,40172
tt0821640,movie,Ghosts of Girlfriends Past,Ghosts of Girlfriends Past,0,2009,,100,"Comedy,Fantasy,Romance",5.8,97083
tt0402057,movie,Beowulf & Grendel,Beowulf & Grendel,0,2005,,103,"Action,Adventure,Drama",5.8,18911
tt15326988,movie,Ghosted,Ghosted,0,2023,,116,"Action,Adventure,Comedy",5.8,72654
tt4566758,movie,Mulan,Mulan,0,2020,,115,"Action,Adventure,Drama",5.8,163933
tt6769280,movie,Time Freak,Time Freak,0,2018,,104,"Comedy,Drama,Romance",5.8,10152
tt0420294,movie,The Texas Chainsaw Massacre: The Beginning,The Texas Chainsaw Massacre: The Beginning,0,2006,,91,Horror,5.8,79510
tt0184858,movie,Reindeer Games,Reindeer Games,0,2000,,104,"Action,Crime,Thriller",5.8,43532
tt0348836,movie,Gothika,Gothika,0,2003,,98,"Horror,Mystery,Thriller",5.8,122037
tt1620981,movie,The Addams Family,The Addams Family,0,2019,,86,"Animation,Comedy,Family",5.8,47019
tt1092633,movie,"The Goods: Live Hard, Sell Hard","The Goods: Live Hard, Sell Hard",0,2009,,89,Comedy,5.7,22962
tt0409182,movie,Poseidon,Poseidon,0,2006,,98,"Action,Adventure,Thriller",5.7,113051
tt0300532,movie,Blue Crush,Blue Crush,0,2002,,104,"Drama,Romance,Sport",5.7,33737
tt5500218,movie,Samaritan,Samaritan,0,2022,,102,"Action,Drama,Fantasy",5.7,58823
tt9000184,movie,Goodnight Mommy,Goodnight Mommy,0,2022,,92,"Crime,Drama,Horror",5.7,17636
tt26674627,movie,Resident Evil: Death Island,Baiohazâdo: Desuairando,0,2023,,91,"Action,Animation,Horror",5.7,10247
tt3520418,movie,We Are Still Here,We Are Still Here,0,2015,,84,"Horror,Mystery",5.7,20514
tt1536410,movie,Faces in the Crowd,Faces in the Crowd,0,2011,,103,"Crime,Drama,Mystery",5.7,20548
tt2040560,movie,The Pact,The Pact,0,2012,,89,"Horror,Mystery,Thriller",5.7,25893
tt2099556,movie,Antiviral,Antiviral,0,2012,,108,"Horror,Mystery,Sci-Fi",5.7,16136
tt2499472,movie,Point Blank,Point Blank,0,2019,,86,"Action,Crime,Drama",5.7,16161
tt5316540,movie,Close,Close,0,2019,,94,"Action,Drama,Thriller",5.7,28053
tt4009278,movie,Intruders,Shut In,0,2015,,90,"Drama,Horror,Thriller",5.7,14816
tt0913354,movie,Armored,Armored,0,2009,,88,"Action,Crime,Mystery",5.7,32407
tt8663516,movie,Child's Play,Child's Play,0,2019,,90,"Drama,Horror,Sci-Fi",5.7,58629
tt3095734,movie,Monster Trucks,Monster Trucks,0,2016,,104,"Action,Adventure,Comedy",5.7,19734
tt5616294,movie,Spinning Man,Spinning Man,0,2018,,100,"Drama,Mystery,Thriller",5.7,13628
tt3348730,movie,Jigsaw,Jigsaw,0,2017,,92,"Horror,Mystery,Thriller",5.7,98141
tt8521876,movie,Yes Day,Yes Day,0,2021,,86,"Comedy,Family",5.7,32459
tt0331953,movie,Club Dread,Club Dread,0,2004,,104,"Comedy,Horror,Mystery",5.7,32167
tt0265029,movie,America's Sweethearts,America's Sweethearts,0,2001,,102,"Comedy,Romance",5.7,61805
tt9059704,movie,An American Pickle,An American Pickle,0,2020,,88,"Comedy,Fantasy",5.7,28062
tt1691917,movie,Planes,Planes,0,2013,,91,"Adventure,Animation,Comedy",5.7,50486
tt8976576,movie,Vampires vs. the Bronx,Vampires vs. the Bronx,0,2020,,85,"Comedy,Horror",5.7,11571
tt0371606,movie,Chicken Little,Chicken Little,0,2005,,81,"Adventure,Animation,Comedy",5.7,104977
tt0837563,movie,Pet Sematary,Pet Sematary,0,2019,,100,"Horror,Mystery,Thriller",5.7,101720
tt4073790,movie,The Darkest Minds,The Darkest Minds,0,2018,,104,"Action,Adventure,Drama",5.7,38690
tt13364468,movie,Love Hostel,Love Hostel,0,2022,,100,"Crime,Romance,Thriller",5.7,11482
tt0186045,movie,Drowning Mona,Drowning Mona,0,2000,,96,"Comedy,Crime,Mystery",5.7,16018
tt1183374,movie,Pet,Pet,0,2016,,94,"Crime,Horror,Thriller",5.7,19684
tt10298840,movie,Strange World,Strange World,0,2022,,102,"Action,Adventure,Animation",5.7,48649
tt1713476,movie,The Bay,The Bay,0,2012,,85,"Horror,Sci-Fi,Thriller",5.7,30992
tt1540128,movie,Playing for Keeps,Playing for Keeps,0,2012,,105,"Comedy,Romance,Sport",5.7,31785
tt2095649,movie,Grace of Monaco,Grace of Monaco,0,2014,,103,"Biography,Drama,Romance",5.7,21758
tt9784456,movie,The Kissing Booth 2,The Kissing Booth 2,0,2020,,134,"Comedy,Romance",5.7,40862
tt13406136,movie,The Princess,The Princess,0,2022,,94,"Action,Drama,Fantasy",5.7,16477
tt14227048,movie,Family Switch,Family Switch,0,2023,,106,"Comedy,Family",5.7,30553
tt11044858,movie,Nocturne,Nocturne,0,2020,,90,"Drama,Horror,Music",5.7,14192
tt10888708,movie,The Sleepover,The Sleepover,0,2020,,100,"Action,Adventure,Comedy",5.7,12648
tt8262802,movie,The Holiday Calendar,The Holiday Calendar,0,2018,,95,"Drama,Fantasy,Romance",5.7,12029
tt2182256,movie,Premature,Premature,0,2014,,93,"Comedy,Drama,Fantasy",5.7,11040
tt0383216,movie,The Pink Panther,The Pink Panther,0,2006,,93,"Adventure,Comedy,Crime",5.7,95561
tt1965308,movie,Interreflections,Interreflections,0,2020,,165,"Documentary,Drama,Fantasy",5.7,10472
tt1389127,movie,Texas Killing Fields,Texas Killing Fields,0,2011,,105,"Crime,Drama,History",5.7,23075
tt0783598,movie,Until Death,Until Death,0,2007,,101,"Crime,Drama,Thriller",5.7,10633
tt2312890,movie,Afternoon Delight,Afternoon Delight,0,2013,,98,"Comedy,Drama",5.7,11907
tt1334512,movie,Arthur,Arthur,0,2011,,110,"Comedy,Romance",5.7,53491
tt1821658,movie,The Nut Job,The Nut Job,0,2014,,85,"Adventure,Animation,Comedy",5.7,31288
tt0199753,movie,Red Planet,Red Planet,0,2000,,106,"Action,Sci-Fi,Thriller",5.7,61119
tt7958736,movie,Ma,Ma,0,2019,,99,"Horror,Mystery,Thriller",5.6,66972
tt5462326,movie,Mom and Dad,Mom and Dad,0,2017,,86,"Comedy,Horror,Thriller",5.6,28855
tt2094766,movie,Assassin's Creed,Assassin's Creed,0,2016,,115,"Action,Adventure,Sci-Fi",5.6,214376
tt0303816,movie,Cabin Fever,Cabin Fever,0,2002,,93,Horror,5.6,86144
tt6968614,movie,The Mother,The Mother,0,2023,,115,"Action,Thriller",5.6,50900
tt0395699,movie,The Pacifier,The Pacifier,0,2005,,95,"Action,Comedy,Drama",5.6,103870
tt1232200,movie,That's My Boy,That's My Boy,0,2012,,116,"Comedy,Drama",5.6,115265
tt2002718,movie,Machete Kills,Machete Kills,0,2013,,107,"Action,Comedy,Crime",5.6,84061
tt35217961,movie,Baida,Baida,0,2025,,109,"Adventure,Sci-Fi,Thriller",5.6,10247
tt1701990,movie,Detention,Detention,0,2011,,93,"Comedy,Horror,Mystery",5.6,16967
tt2702920,movie,The Secret Garden,The Secret Garden,0,2020,,99,"Drama,Family,Fantasy",5.6,10600
tt10245072,movie,Salem's Lot,Salem's Lot,0,2024,,114,"Horror,Thriller",5.6,33653
tt2120120,movie,Pixels,Pixels,0,2015,,105,"Action,Comedy,Fantasy",5.6,169963
tt10060094,movie,The Knight Before Christmas,The Knight Before Christmas,0,2019,,92,"Adventure,Comedy,Drama",5.6,21528
tt0305669,movie,Bringing Down the House,Bringing Down the House,0,2003,,105,Comedy,5.6,40222
tt13223398,movie,Beast,Beast,0,2022,,93,"Action,Adventure,Drama",5.6,46117
tt1111890,movie,Diary of a Nymphomaniac,Diario de una ninfómana,0,2008,,101,"Drama,Romance",5.6,11917
tt1486193,movie,5 Days of War,5 Days of War,0,2011,,113,"Action,Drama,War",5.6,14504
tt0245674,movie,Thir13en Ghosts,Thir13en Ghosts,0,2001,,91,"Fantasy,Horror",5.6,97477
tt5619332,movie,Life of the Party,Life of the Party,0,2018,,105,Comedy,5.6,40986
tt2101383,movie,Knight of Cups,Knight of Cups,0,2015,,118,"Drama,Fantasy,Romance",5.6,30670
tt1160368,movie,12 Rounds,12 Rounds,0,2009,,108,"Action,Crime,Thriller",5.6,31242
tt0227538,movie,Spy Kids,Spy Kids,0,2001,,88,"Action,Adventure,Comedy",5.6,131684
tt7957694,movie,The Last Summer,The Last Summer,0,2019,,109,"Comedy,Romance",5.6,14800
tt6521876,movie,Jay and Silent Bob Reboot,Jay and Silent Bob Reboot,0,2019,,105,"Action,Adventure,Comedy",5.6,29510
tt1331307,movie,Dread,Dread,0,2009,,98,"Drama,Horror,Thriller",5.6,13274
tt1648190,movie,The Dark Tower,The Dark Tower,0,2017,,95,"Action,Adventure,Fantasy",5.6,150879
tt7979142,movie,The Night Clerk,The Night Clerk,0,2020,,90,"Crime,Drama,Mystery",5.6,20312
tt23558280,movie,Elevation,Elevation,0,2024,,91,"Action,Sci-Fi,Thriller",5.6,22393
tt1728986,movie,Bol Bachchan,Bol Bachchan,0,2012,,155,"Action,Comedy",5.6,10472
tt3247714,movie,Survivor,Survivor,0,2015,,96,"Action,Crime,Thriller",5.6,36574
tt0444682,movie,The Reaping,The Reaping,0,2007,,99,"Horror,Thriller",5.6,45315
tt9110170,movie,Wrong Turn,Wrong Turn,0,2021,,109,"Horror,Thriller",5.6,39494
tt0480239,movie,Atlas Shrugged: Part I,Atlas Shrugged: Part I,0,2011,,97,"Drama,Mystery,Sci-Fi",5.6,14565
tt5664636,movie,Goosebumps 2: Haunted Halloween,Goosebumps 2: Haunted Halloween,0,2018,,90,"Adventure,Comedy,Fantasy",5.6,25011
tt0325258,movie,Dickie Roberts: Former Child Star,Dickie Roberts: Former Child Star,0,2003,,98,Comedy,5.6,15997
tt6781982,movie,Night School,Night School,0,2018,,111,Comedy,5.6,47549
tt6673612,movie,Dolittle,Dolittle,0,2020,,101,"Adventure,Comedy,Family",5.6,74291
tt2401097,movie,Tracers,Tracers,0,2015,,94,"Action,Crime,Drama",5.6,20477
tt15289240,movie,The Curse of Bridge Hollow,The Curse of Bridge Hollow,0,2022,,89,"Adventure,Comedy,Family",5.6,13093
tt1430612,movie,Brick Mansions,Brick Mansions,0,2014,,90,"Action,Crime,Thriller",5.6,44955
tt2180339,movie,Deep Water,Deep Water,0,2022,,115,"Crime,Drama,Mystery",5.5,64892
tt1131734,movie,Jennifer's Body,Jennifer's Body,0,2009,,102,"Comedy,Horror",5.5,161383
tt1928330,movie,Bad Ass,Bad Ass,0,2012,,90,"Action,Comedy,Crime",5.5,20046
tt0475937,movie,The Abandoned,The Abandoned,0,2006,,99,"Horror,Mystery,Thriller",5.5,13507
tt0364970,movie,Babylon A.D.,Babylon A.D.,0,2008,,90,"Action,Adventure,Sci-Fi",5.5,99649
tt1594562,movie,The Innkeepers,The Innkeepers,0,2011,,101,"Drama,Horror,Mystery",5.5,38408
tt0848557,movie,Diary of the Dead,Diary of the Dead,0,2007,,95,"Fantasy,Horror,Sci-Fi",5.5,50191
tt8829830,movie,Fatale,Fatale,0,2020,,102,"Drama,Mystery,Romance",5.5,15317
tt0233469,movie,Collateral Damage,Collateral Damage,0,2002,,108,"Action,Drama,Thriller",5.5,79418
tt0452637,movie,Lady in the Water,Lady in the Water,0,2006,,110,"Drama,Fantasy,Mystery",5.5,106338
tt8865546,movie,Karakomik Filmler: Kaçamak,Karakomik Filmler: Kaçamak,0,2019,,60,"Adventure,Comedy,Fantasy",5.5,11047
tt7212726,movie,Simmba,Simmba,0,2018,,158,"Action,Crime,Drama",5.5,23101
tt0285492,movie,Cube²: Hypercube,Cube 2: Hypercube,0,2002,,94,"Horror,Mystery,Sci-Fi",5.5,71861
tt1185416,movie,When in Rome,When in Rome,0,2010,,91,"Comedy,Romance",5.5,66202
tt0375210,movie,White Noise,White Noise,0,2005,,101,"Drama,Horror,Mystery",5.5,51691
tt4281724,movie,Terrifier,Terrifier,0,2016,,85,"Horror,Thriller",5.5,83364
tt0325703,movie,Lara Croft: Tomb Raider - The Cradle of Life,Lara Croft: Tomb Raider - The Cradle of Life,0,2003,,117,"Action,Adventure,Fantasy",5.5,148445
tt2393827,movie,Howl,Howl,0,2015,,92,"Action,Fantasy,Horror",5.5,16999
tt3733774,movie,The Trust,The Trust,0,2016,,92,"Action,Crime,Mystery",5.5,21474
tt0810823,movie,The Deaths of Ian Stone,The Deaths of Ian Stone,0,2007,,87,"Horror,Thriller",5.5,13796
tt0892767,movie,Horsemen,Horsemen,0,2009,,90,"Crime,Mystery,Thriller",5.5,24826
tt1477076,movie,Saw 3D,Saw 3D,0,2010,,90,"Crime,Horror,Mystery",5.5,114421
tt1999890,movie,Hell Fest,Hell Fest,0,2018,,89,"Horror,Mystery,Thriller",5.5,20601
tt0318283,movie,Alex & Emma,Alex & Emma,0,2003,,96,"Comedy,Romance",5.5,14100
tt0380623,movie,The Perfect Man,The Perfect Man,0,2005,,100,"Comedy,Family,Romance",5.5,32726
tt1298644,movie,The Hustle,The Hustle,0,2019,,93,"Comedy,Crime",5.5,68515
tt1582507,movie,House at the End of the Street,House at the End of the Street,0,2012,,101,"Drama,Horror,Mystery",5.5,83147
tt0770772,movie,I Think I Love My Wife,I Think I Love My Wife,0,2007,,90,"Comedy,Drama,Romance",5.5,17808
tt21227864,movie,You're Cordially Invited,You're Cordially Invited,0,2025,,109,Comedy,5.5,25347
tt14867006,movie,V/H/S/94,V/H/S/94,0,2021,,103,"Horror,Mystery,Thriller",5.5,15208
tt1709143,movie,The Last Days on Mars,The Last Days on Mars,0,2013,,98,"Adventure,Horror,Sci-Fi",5.5,39857
tt3317234,movie,"Game Over, Man!","Game Over, Man!",0,2018,,101,"Action,Comedy",5.5,34377
tt0899128,movie,100 Feet,100 Feet,0,2008,,96,"Horror,Mystery,Thriller",5.4,13438
tt3339674,movie,Burying the Ex,Burying the Ex,0,2014,,89,"Comedy,Horror,Romance",5.4,11875
tt34604827,movie,Fire,Fire,0,2025,,132,Crime,5.4,10419
tt24871974,movie,Subservience,Subservience,0,2024,,106,"Sci-Fi,Thriller",5.4,27927
tt0377109,movie,The Ring Two,The Ring Two,0,2005,,110,"Horror,Mystery",5.4,103577
tt12261776,movie,65,65,0,2023,,93,"Action,Adventure,Sci-Fi",5.4,99931
tt1375789,movie,Race 2,Race 2,0,2013,,150,"Action,Crime,Thriller",5.4,17995
tt0252076,movie,Maid in Manhattan,Maid in Manhattan,0,2002,,105,"Comedy,Drama,Romance",5.4,99431
tt1686821,movie,Vampire Academy,Vampire Academy,0,2014,,104,"Action,Comedy,Drama",5.4,57844
tt2191701,movie,Grown Ups 2,Grown Ups 2,0,2013,,101,Comedy,5.4,179551
tt4589218,movie,Five Nights at Freddy's,Five Nights at Freddy's,0,2023,,109,"Horror,Mystery,Thriller",5.4,112249
tt11125620,movie,The Addams Family 2,The Addams Family 2,0,2021,,93,"Adventure,Animation,Comedy",5.4,16657
tt0199626,movie,In the Cut,In the Cut,0,2003,,119,"Mystery,Thriller",5.4,27204
tt13923456,movie,Mafia Mamma,Mafia Mamma,0,2023,,101,"Action,Comedy,Crime",5.4,12860
tt4486986,movie,All I See Is You,All I See Is You,0,2016,,109,"Drama,Mystery",5.4,13943
tt1480295,movie,Killing Season,Killing Season,0,2013,,91,"Action,Drama,Thriller",5.4,39560
tt8747160,movie,The Block Island Sound,The Block Island Sound,0,2020,,99,"Horror,Mystery,Sci-Fi",5.4,10154
tt2088003,movie,Big Game,Big Game,0,2014,,110,"Action,Adventure,Comedy",5.4,36462
tt0406759,movie,The Eye,The Eye,0,2008,,98,"Horror,Mystery",5.4,57825
tt0402022,movie,Æon Flux,Æon Flux,0,2005,,93,"Action,Adventure,Sci-Fi",5.4,135001
tt3099498,movie,Tusk,Tusk,0,2014,,102,"Comedy,Horror",5.4,68327
tt1341188,movie,How Do You Know,How Do You Know,0,2010,,121,"Comedy,Drama,Romance",5.4,56200
tt21051906,movie,A Family Affair,A Family Affair,0,2024,,111,"Comedy,Drama,Romance",5.4,36757
tt0446013,movie,Pathfinder,Pathfinder,0,2007,,99,"Action,Adventure,Drama",5.4,46991
tt0479997,movie,Season of the Witch,Season of the Witch,0,2011,,95,"Action,Adventure,Fantasy",5.4,100537
tt3212232,movie,I Am Wrath,I Am Wrath,0,2016,,92,"Action,Thriller",5.4,16741
tt8707922,movie,Can You Keep a Secret?,Can You Keep a Secret?,0,2019,,94,"Comedy,Romance",5.4,22142
tt1663143,movie,Fun Size,Fun Size,0,2012,,86,"Adventure,Comedy,Crime",5.4,15586
tt8695030,movie,The Dead Don't Die,The Dead Don't Die,0,2019,,104,"Comedy,Fantasy,Horror",5.4,96765
tt0435653,movie,The Gravedancers,The Gravedancers,0,2006,,95,Horror,5.4,10317
tt1029231,movie,Krrish 3,Krrish 3,0,2013,,152,"Action,Sci-Fi",5.4,26731
tt0806027,movie,Blood: The Last Vampire,Blood: The Last Vampire,0,2009,,91,"Action,Adventure,Fantasy",5.3,15441
tt1829012,movie,Passion,Passion,0,2012,,102,"Drama,Mystery,Thriller",5.3,24867
tt4694544,movie,Once Upon a Time in Venice,Once Upon a Time in Venice,0,2017,,94,"Adventure,Comedy,Crime",5.3,21524
tt0411267,movie,The Dark,The Dark,0,2005,,93,"Drama,Fantasy,Horror",5.3,11682
tt10691162,movie,Aftermath,Aftermath,0,2021,,114,"Drama,Horror,Mystery",5.3,19684
tt1316622,movie,Wrecked,Wrecked,0,2010,,91,"Adventure,Drama,Mystery",5.3,17183
tt1457765,movie,The Haunting in Connecticut 2: Ghosts of Georgia,The Haunting in Connecticut 2: Ghosts of Georgia,0,2013,,100,"Drama,Horror,Mystery",5.3,18717
tt0339840,movie,Undead,Undead,0,2003,,97,"Action,Comedy,Fantasy",5.3,15033
tt0455612,movie,Madea's Family Reunion,Madea's Family Reunion,0,2006,,107,"Comedy,Drama,Romance",5.3,12337
tt1390535,movie,The Final,The Final,0,2010,,93,"Drama,Horror,Thriller",5.3,12330
tt0264323,movie,2001 Maniacs,2001 Maniacs,0,2005,,87,"Comedy,Horror",5.3,13676
tt3707106,movie,By the Sea,By the Sea,0,2015,,122,"Drama,Romance",5.3,23130
tt0397044,movie,Blood and Chocolate,Blood and Chocolate,0,2007,,98,"Drama,Fantasy,Horror",5.3,18578
tt23137904,movie,Rebel Moon - Part Two: The Scargiver,Rebel Moon - Part Two: The Scargiver,0,2024,,122,"Action,Adventure,Drama",5.3,59479
tt1578275,movie,The Dilemma,The Dilemma,0,2011,,111,"Comedy,Drama",5.3,57703
tt14060232,movie,Infinite Storm,Infinite Storm,0,2022,,97,"Drama,Thriller",5.3,12161
tt1468846,movie,Get a Job,Get a Job,0,2016,,83,Comedy,5.3,26805
tt4479380,movie,SAS: Rise of the Black Swan,SAS: Red Notice,0,2021,,124,Action,5.3,22593
tt14209618,movie,Game Changer,Game Changer,0,2025,,165,"Action,Drama,Thriller",5.3,27334
tt0784972,movie,The Brothers Solomon,The Brothers Solomon,0,2007,,93,Comedy,5.3,11628
tt9252508,movie,Tall Girl,Tall Girl,0,2019,,101,"Comedy,Drama,Family",5.3,28314
tt3014666,movie,Moms' Night Out,Moms' Night Out,0,2014,,98,Comedy,5.3,14703
tt0361841,movie,Little Black Book,Little Black Book,0,2004,,107,"Comedy,Drama,Romance",5.3,19438
tt0258038,movie,Pootie Tang,Pootie Tang,0,2001,,81,"Action,Adventure,Comedy",5.3,15439
tt14715170,movie,Falling for Christmas,Falling for Christmas,0,2022,,93,"Comedy,Romance",5.3,32152
tt1649443,movie,[REC] 4: Apocalypse,[Rec] 4: Apocalipsis,0,2014,,95,"Action,Horror,Thriller",5.3,21399
tt0457400,movie,Land of the Lost,Land of the Lost,0,2009,,102,"Action,Adventure,Comedy",5.3,77557
tt1855325,movie,Resident Evil: Retribution,Resident Evil: Retribution,0,2012,,95,"Action,Horror,Sci-Fi",5.3,154826
tt0780534,movie,My Mom's New Boyfriend,My Mom's New Boyfriend,0,2008,,119,"Comedy,Crime,Romance",5.3,12741
tt1160996,movie,The Colony,The Colony,0,2013,,95,"Action,Horror,Sci-Fi",5.3,48303
tt6684714,movie,Acts of Violence,Acts of Violence,0,2018,,86,"Action,Crime,Thriller",5.3,13697
tt10342730,movie,Spiral,Spiral: From the Book of Saw,0,2021,,93,"Horror,Mystery,Thriller",5.2,73062
tt14714980,movie,Poker Face,Poker Face,0,2022,,94,"Action,Crime,Thriller",5.2,14749
tt0475944,movie,The Covenant,The Covenant,0,2006,,97,"Adventure,Fantasy,Horror",5.2,53686
tt0208988,movie,Get Carter,Get Carter,0,2000,,102,"Action,Crime,Drama",5.2,37986
tt10648714,movie,Chernobyl: Abyss,Chernobyl,0,2021,,136,"Drama,History",5.2,11043
tt0399877,movie,What the #$*! Do We (K)now!?,What the #$*! Do We (K)now!?,0,2004,,109,"Comedy,Documentary,Drama",5.2,13997
tt0213790,movie,The Ladies Man,The Ladies Man,0,2000,,84,Comedy,5.2,14134
tt0376108,movie,Rebound,Rebound,0,2005,,86,"Comedy,Family,Sport",5.2,13890
tt13964390,movie,Under Paris,Sous la Seine,0,2024,,104,"Action,Drama,Horror",5.2,36393
tt2918436,movie,The Lazarus Effect,The Lazarus Effect,0,2015,,83,"Horror,Mystery,Sci-Fi",5.2,47423
tt0859163,movie,The Mummy: Tomb of the Dragon Emperor,The Mummy: Tomb of the Dragon Emperor,0,2008,,112,"Action,Adventure,Fantasy",5.2,175489
tt0419984,movie,Mr. Woodcock,Mr. Woodcock,0,2007,,87,"Comedy,Romance,Sport",5.2,37513
tt6527426,movie,Zero,Zero,0,2018,,164,"Comedy,Drama,Romance",5.2,31164
tt11284280,movie,Cadaver,Kadaver,0,2020,,86,"Drama,Horror,Thriller",5.2,12956
tt0184907,movie,Snow Day,Snow Day,0,2000,,89,"Adventure,Comedy,Family",5.2,14252
tt29114029,movie,The Tearsmith,Fabbricante di lacrime,0,2024,,103,"Drama,Fantasy,Romance",5.2,12433
tt0988849,movie,Donkey Punch,Donkey Punch,0,2008,,99,"Crime,Drama,Horror",5.2,11764
tt4799050,movie,Rough Night,Rough Night,0,2017,,101,Comedy,5.2,57420
tt5143226,movie,12 Feet Deep,12 Feet Deep,0,2017,,85,"Horror,Thriller",5.2,17763
tt0490181,movie,Mutant Chronicles,Mutant Chronicles,0,2008,,111,"Action,Adventure,Mystery",5.2,27464
tt0463872,movie,Asterix at the Olympic Games,Astérix aux jeux olympiques,0,2008,,116,"Adventure,Comedy,Family",5.2,33845
tt11301946,movie,Beast,Beast,0,2022,,155,"Action,Comedy,Crime",5.2,38221
tt1731697,movie,The Lords of Salem,The Lords of Salem,0,2012,,101,"Horror,Thriller",5.2,33424
tt2304933,movie,The 5th Wave,The 5th Wave,0,2016,,112,"Action,Adventure,Sci-Fi",5.2,121676
tt5259822,movie,Tesla,Tesla,0,2020,,102,"Biography,Drama",5.1,11096
tt2948790,movie,Return to Sender,Return to Sender,0,2015,,92,"Drama,Thriller",5.1,15320
tt0382992,movie,Stealth,Stealth,0,2005,,121,"Action,Adventure,Sci-Fi",5.1,57435
tt0437179,movie,See No Evil,See No Evil,0,2006,,84,"Action,Horror,Thriller",5.1,29954
tt1213012,movie,Alpha and Omega,Alpha and Omega,0,2010,,90,"Adventure,Animation,Comedy",5.1,15677
tt5246700,movie,How It Ends,How It Ends,0,2018,,113,"Action,Drama,Horror",5.1,61367
tt3462710,movie,Unforgettable,Unforgettable,0,2017,,100,"Drama,Thriller",5.1,17420
tt0204313,movie,Exorcist: The Beginning,Exorcist: The Beginning,0,2004,,114,"Horror,Mystery,Thriller",5.1,40992
tt0800069,movie,The Hills Have Eyes 2,The Hills Have Eyes II,0,2007,,89,"Horror,Thriller",5.1,69545
tt11210390,movie,Asterix & Obelix: The Middle Kingdom,Astérix & Obélix : L'empire du milieu,0,2023,,112,"Adventure,Comedy,Family",5.1,12108
tt2409818,movie,Open Windows,Open Windows,0,2014,,100,"Crime,Mystery,Thriller",5.1,15451
tt10698174,movie,Wolf,Wolf,0,2021,,99,"Drama,Mystery,Thriller",5.1,12977
tt2091478,movie,Air,Air,0,2015,,95,"Drama,Sci-Fi,Thriller",5.1,12754
tt0790604,movie,Deck the Halls,Deck the Halls,0,2006,,93,"Comedy,Family",5.1,36578
tt0265808,movie,Stealing Harvard,Stealing Harvard,0,2002,,85,"Comedy,Crime",5.1,14010
tt5997666,movie,Jab Harry Met Sejal,Jab Harry Met Sejal,0,2017,,143,"Comedy,Drama,Romance",5.1,23564
tt1092011,movie,Sacred Demijohn,Kutsal Damacana,0,2007,,105,"Comedy,Fantasy,Horror",5.1,10597
tt2243537,movie,A Haunted House,A Haunted House,0,2013,,86,"Comedy,Fantasy,Horror",5.1,52143
tt0219952,movie,Lucky Numbers,Lucky Numbers,0,2000,,105,"Comedy,Crime",5.1,11143
tt2473682,movie,Paranormal Activity: The Marked Ones,Paranormal Activity: The Marked Ones,0,2014,,84,"Horror,Mystery",5.1,46705
tt22743064,movie,Yaariyan 2,Yaariyan 2,0,2023,,148,"Comedy,Drama,Musical",5.0,11773
tt2401807,movie,Rage,Tokarev,0,2014,,92,"Action,Thriller",5.0,26009
tt2637294,movie,Hot Tub Time Machine 2,Hot Tub Time Machine 2,0,2015,,93,"Comedy,Mystery,Sci-Fi",5.0,43143
tt1806913,movie,Golmaal Again,Golmaal Again,0,2017,,140,"Action,Comedy,Horror",5.0,11580
tt2923316,movie,American Heist,American Heist,0,2014,,94,"Action,Crime,Drama",5.0,17922
tt20879602,movie,Maybe I Do,Maybe I Do,0,2023,,95,"Comedy,Romance",5.0,10745
tt1540011,movie,Blair Witch,Blair Witch,0,2016,,89,"Horror,Mystery,Thriller",5.0,51609
tt0441796,movie,Stay Alive,Stay Alive,0,2006,,85,"Fantasy,Horror,Mystery",5.0,34925
tt0331468,movie,Cold Creek Manor,Cold Creek Manor,0,2003,,118,"Drama,Mystery,Thriller",5.0,25518
tt0949731,movie,The Happening,The Happening,0,2008,,91,"Adventure,Drama,Sci-Fi",5.0,222448
tt0401815,movie,Tamara,Tamara,0,2005,,98,"Drama,Fantasy,Horror",5.0,11448
tt10665342,movie,Halloween Ends,Halloween Ends,0,2022,,111,"Drama,Horror,Mystery",5.0,78251
tt0360556,movie,Fahrenheit 451,Fahrenheit 451,0,2018,,100,"Drama,Sci-Fi,Thriller",5.0,24248
tt1231287,movie,Labor Pains,Labor Pains,0,2009,,89,"Comedy,Romance",4.9,12398
tt1324999,movie,The Twilight Saga: Breaking Dawn - Part 1,The Twilight Saga: Breaking Dawn - Part 1,0,2011,,117,"Adventure,Drama,Fantasy",4.9,263138
tt4559046,movie,Housefull 3,Housefull 3,0,2016,,140,Comedy,4.9,11532
tt8150814,movie,There's Someone Inside Your House,There's Someone Inside Your House,0,2021,,96,"Horror,Mystery,Thriller",4.9,21051
tt4558376,movie,Downhill,Downhill,0,2020,,86,"Comedy,Drama",4.9,14350
tt0285462,movie,Boat Trip,Boat Trip,0,2002,,94,Comedy,4.9,32958
tt1562871,movie,Ra.One,Ra.One,0,2011,,156,"Action,Sci-Fi,Thriller",4.9,48842
tt0377309,movie,Survival Island,Three,0,2005,,95,"Drama,Thriller",4.9,10904
tt0306734,movie,The Divorce,Le divorce,0,2003,,117,"Comedy,Drama,Romance",4.9,12374
tt0400497,movie,Herbie: Fully Loaded,Herbie: Fully Loaded,0,2005,,101,"Adventure,Comedy,Family",4.9,52538
tt1918734,movie,2067,2067,0,2020,,114,"Mystery,Sci-Fi",4.9,12389
tt2386237,movie,Malevolent,Malevolent,0,2018,,89,"Horror,Mystery,Thriller",4.9,18380
tt27729779,movie,The Platform 2,El hoyo 2,0,2024,,99,"Horror,Sci-Fi,Thriller",4.9,40130
tt1045778,movie,Year One,Year One,0,2009,,97,Comedy,4.9,106437
tt1093357,movie,The Darkest Hour,The Darkest Hour,0,2011,,89,"Action,Adventure,Horror",4.9,64990
tt0419946,movie,The Marine,The Marine,0,2006,,92,"Action,Comedy,Drama",4.8,36658
tt26926267,movie,Mother of the Bride,Mother of the Bride,0,2024,,88,"Comedy,Drama,Romance",4.8,16916
tt1705952,movie,Tarzan,Tarzan,0,2013,,94,"Adventure,Animation,Drama",4.8,13248
tt0231402,movie,Crocodile Dundee in Los Angeles,Crocodile Dundee in Los Angeles,0,2001,,95,"Adventure,Comedy,Crime",4.8,26886
tt1975159,movie,Flight 7500,Flight 7500,0,2014,,80,"Drama,Horror,Sci-Fi",4.8,17749
tt0335121,movie,Godsend,Godsend,0,2004,,102,"Action,Drama,Fantasy",4.8,26950
tt0255798,movie,The Animal,The Animal,0,2001,,84,"Comedy,Sci-Fi",4.8,65737
tt12592252,movie,Songbird,Songbird,0,2020,,84,"Drama,Sci-Fi,Thriller",4.8,12186
tt13069986,movie,After We Fell,After We Fell,0,2021,,98,"Drama,Romance",4.8,22754
tt0166276,movie,Monkeybone,Monkeybone,0,2001,,93,"Comedy,Fantasy",4.8,19672
tt9026184,movie,Girl on the Third Floor,Girl on the Third Floor,0,2019,,93,"Drama,Horror,Mystery",4.7,11554
tt24517830,movie,Bad Newz,Bad Newz,0,2024,,142,"Comedy,Romance",4.7,25910
tt13186604,movie,Uglies,Uglies,0,2024,,100,"Action,Adventure,Drama",4.7,32970
tt2828996,movie,A Haunted House 2,A Haunted House 2,0,2014,,86,"Comedy,Fantasy,Horror",4.7,24568
tt6199572,movie,Capone,Capone,0,2020,,103,"Biography,Crime,Drama",4.7,24292
tt2124787,movie,Final Girl,Final Girl,0,2015,,84,"Horror,Thriller",4.7,17542
tt0367652,movie,Deuce Bigalow: European Gigolo,Deuce Bigalow: European Gigolo,0,2005,,83,Comedy,4.7,54659
tt26658104,movie,Imaginary,Imaginary,0,2024,,104,"Horror,Mystery,Thriller",4.7,17313
tt7545266,movie,Like a Boss,Like a Boss,0,2020,,83,Comedy,4.7,15906
tt3181822,movie,The Boy Next Door,The Boy Next Door,0,2015,,91,Thriller,4.7,47231
tt8426926,movie,Shamshera,Shamshera,0,2022,,178,"Action,Adventure,Drama",4.7,57488
tt1815708,movie,Freelancers,Freelancers,0,2012,,96,"Action,Crime,Drama",4.7,10955
tt1798632,movie,Firestarter,Firestarter,0,2022,,94,"Drama,Horror,Sci-Fi",4.6,24520
tt14145436,movie,Pet Sematary: Bloodlines,Pet Sematary: Bloodlines,0,2023,,87,"Fantasy,Horror",4.6,13102
tt0844671,movie,College,College,0,2008,,94,Comedy,4.6,12781
tt3322892,movie,XX,XX,0,2017,,80,Horror,4.6,12662
tt11656220,movie,Midnight in the Switchgrass,Midnight in the Switchgrass,0,2021,,99,"Crime,Mystery,Thriller",4.6,12050
tt1464174,movie,"Big Mommas: Like Father, Like Son","Big Mommas: Like Father, Like Son",0,2011,,107,"Action,Comedy,Crime",4.5,30403
tt0329774,movie,xXx: State of the Union,xXx: State of the Union,0,2005,,101,"Action,Adventure,Crime",4.5,75161
tt1204977,movie,Ouija,Ouija,0,2014,,89,"Horror,Mystery,Thriller",4.5,60038
tt6143568,movie,The Humanity Bureau,The Humanity Bureau,0,2017,,95,"Sci-Fi,Thriller",4.5,12437
tt1564585,movie,Skyline,Skyline,0,2010,,92,"Action,Sci-Fi,Thriller",4.5,93354
tt4976192,movie,211,211,0,2018,,86,"Action,Drama,Horror",4.4,10050
tt2515086,movie,One Direction: This Is Us,One Direction: This Is Us,0,2013,,92,"Documentary,Music",4.4,25391
tt3838992,movie,Yoga Hosers,Yoga Hosers,0,2016,,88,"Action,Comedy,Horror",4.3,16093
tt1519461,movie,Area 51,Area 51,0,2015,,91,"Horror,Mystery,Sci-Fi",4.3,15568
tt3803860,movie,Puli,Puli,0,2015,,155,"Action,Adventure,Fantasy",4.3,10902
tt2178508,movie,Son of Sardaar,Son of Sardaar,0,2012,,141,"Action,Comedy",4.3,11189
tt3089630,movie,Artemis Fowl,Artemis Fowl,0,2020,,95,"Adventure,Family,Fantasy",4.3,31055
tt4019560,movie,Exposed,Exposed,0,2016,,102,"Crime,Drama,Mystery",4.3,17472
tt1577061,movie,Recep Ivedik 3,Recep Ivedik 3,0,2010,,95,Comedy,4.3,22231
tt15979666,movie,The Archies,The Archies,0,2023,,141,"Comedy,Drama,Musical",4.2,53291
tt2933474,movie,Superfast!,Superfast!,0,2015,,99,"Action,Comedy,Crime",4.2,11384
tt0318081,movie,A Sound of Thunder,A Sound of Thunder,0,2005,,110,"Action,Adventure,Horror",4.2,21197
tt11576124,movie,Rogue,Rogue,0,2020,,105,"Action,Horror,Thriller",4.2,10296
tt2322441,movie,Fifty Shades of Grey,Fifty Shades of Grey,0,2015,,125,"Drama,Romance,Thriller",4.2,346226
tt11240348,movie,The Exorcism,The Exorcism,0,2024,,95,"Horror,Thriller",4.2,11491
tt4600952,movie,Guardians,Zashchitniki,0,2017,,89,"Action,Adventure,Comedy",4.1,15038
tt8400758,movie,Killers Anonymous,Killers Anonymous,0,2019,,95,"Action,Crime,Mystery",4.0,10511
tt2364897,movie,The Disappointments Room,The Disappointments Room,0,2016,,91,"Drama,Horror,Thriller",3.9,11178
tt0365957,movie,You Got Served,You Got Served,0,2004,,95,"Drama,Music",3.9,29035
tt3477064,movie,Recep Ivedik 4,Recep Ivedik 4,0,2014,,117,Comedy,3.9,19289
tt1139592,movie,Jeepers Creepers III,Jeepers Creepers 3,0,2017,,100,Horror,3.9,25629
tt1273221,movie,London Fields,London Fields,0,2018,,118,"Crime,Mystery,Thriller",3.9,12691
tt1712159,movie,11-11-11,11-11-11,0,2011,,90,"Horror,Mystery,Thriller",3.9,12718
tt3655326,movie,Life Is a Dream,Life Is a Dream,0,2014,,81,"Documentary,Drama,Family",3.9,31269
tt0275022,movie,Crossroads,Crossroads,0,2002,,93,"Comedy,Drama,Romance",3.9,45947
tt0220506,movie,Halloween: Resurrection,Halloween: Resurrection,0,2002,,90,"Horror,Thriller",3.9,51577
tt1552211,movie,The Last Days of American Crime,The Last Days of American Crime,0,2020,,148,"Action,Crime,Drama",3.8,12708
tt10598156,movie,Dhaakad,Dhaakad,0,2022,,135,"Action,Thriller",3.8,12204
tt0424774,movie,The Adventures of Sharkboy and Lavagirl 3-D,The Adventures of Sharkboy and Lavagirl in 3-D,0,2005,,93,"Action,Adventure,Comedy",3.8,44593
tt8066940,movie,Indian 2,Indian 2,0,2024,,,"Action,Drama,Musical",3.8,16397
tt1714203,movie,Piranha 3DD,Piranha 3DD,0,2012,,83,"Comedy,Horror,Sci-Fi",3.8,46739
tt2292959,movie,The Canyons,The Canyons,0,2013,,99,"Drama,Thriller",3.8,12324
tt4059702,movie,AmeriGeddon,AmeriGeddon,0,2016,,90,"Action,Adventure,Drama",3.8,13436
tt1656171,movie,Dam999,Dam999,0,2011,,108,"Adventure,Drama,Sci-Fi",3.8,20751
tt0460780,movie,In the Name of the King: A Dungeon Siege Tale,In the Name of the King: A Dungeon Siege Tale,0,2007,,127,"Action,Adventure,Fantasy",3.8,52086
tt0450345,movie,The Wicker Man,The Wicker Man,0,2006,,102,"Horror,Mystery,Thriller",3.8,73294
tt1091617,movie,Expelled: No Intelligence Allowed,Expelled: No Intelligence Allowed,0,2008,,90,Documentary,3.7,12263
tt0432291,movie,The Fog,The Fog,0,2005,,100,"Horror,Mystery",3.7,40309
tt0308208,movie,Ballistic: Ecks vs. Sever,Ballistic: Ecks vs. Sever,0,2002,,91,"Action,Crime,Mystery",3.7,21490
tt0800003,movie,Delta Farce,Delta Farce,0,2007,,90,"Action,Adventure,Comedy",3.7,11636
tt0158622,movie,The Flintstones in Viva Rock Vegas,The Flintstones in Viva Rock Vegas,0,2000,,90,"Comedy,Family,Romance",3.7,26285
tt18072316,movie,Bade Miyan Chote Miyan,Bade Miyan Chote Miyan,0,2024,,163,"Action,Adventure,Sci-Fi",3.7,38991
tt0806147,movie,Extreme Movie,Extreme Movie,0,2008,,86,Comedy,3.7,11766
tt5456546,movie,Judwaa 2,Judwaa 2,0,2017,,145,"Action,Comedy,Romance",3.7,12192
tt30007864,movie,The American Society of Magical Negroes,The American Society of Magical Negroes,0,2024,,104,"Comedy,Fantasy",3.7,12044
tt6988116,movie,Kalank,Kalank,0,2019,,166,"Drama,Romance",3.7,17620
tt1153706,movie,Dance Flick,Dance Flick,0,2009,,83,"Action,Comedy,Music",3.6,13051
tt0795461,movie,Scary Movie V,Scary Movie 5,0,2013,,86,"Comedy,Horror",3.6,80167
tt9196192,movie,Cuties,Mignonnes,0,2020,,96,Drama,3.6,33054
tt1517489,movie,Spy Kids 4: All the Time in the World,Spy Kids: All the Time in the World,0,2011,,89,"Action,Adventure,Comedy",3.6,29592
tt11012066,movie,Home Sweet Home Alone,Home Sweet Home Alone,0,2021,,93,"Comedy,Crime,Family",3.6,21837
tt0368226,movie,The Room,The Room,0,2003,,99,Drama,3.6,97687
tt1231277,movie,S. Darko,S. Darko,0,2009,,103,"Drama,Mystery,Sci-Fi",3.6,14759
tt0291502,movie,Swept Away,Swept Away,0,2002,,89,"Comedy,Romance",3.6,18337
tt3138104,movie,The Hungover Games,The Hungover Games,0,2014,,85,"Adventure,Comedy,Fantasy",3.5,17569
tt12335692,movie,Last Man Down,Last Man Down,0,2021,,87,"Action,Sci-Fi",3.5,14236
tt0329028,movie,Dumb and Dumberer: When Harry Met Lloyd,Dumb and Dumberer: When Harry Met Lloyd,0,2003,,85,Comedy,3.5,43541
tt10481868,movie,Black Christmas,Black Christmas,0,2019,,92,"Horror,Mystery,Thriller",3.5,20787
tt0372873,movie,Dragon Wars: D-War,D-War,0,2007,,107,"Action,Drama,Fantasy",3.5,25691
tt3053228,movie,Day of the Dead: Bloodline,Day of the Dead: Bloodline,0,2017,,90,"Action,Drama,Horror",3.5,12756
tt6439558,movie,Recep Ivedik 5,Recep Ivedik 5,0,2017,,114,Comedy,3.4,18774
tt4877122,movie,The Emoji Movie,The Emoji Movie,0,2017,,86,"Adventure,Animation,Comedy",3.4,75649
tt0295254,movie,Feardotcom,Feardotcom,0,2002,,101,"Crime,Horror,Thriller",3.4,23337
tt1666186,movie,Vampires Suck,Vampires Suck,0,2010,,82,"Comedy,Horror",3.4,53171
tt1594972,movie,Norm of the North,Norm of the North,0,2016,,90,"Adventure,Animation,Comedy",3.4,10413
tt10886166,movie,365 Days,365 dni,0,2020,,114,"Drama,Romance",3.3,103899
tt5690360,movie,Slender Man,Slender Man,0,2018,,93,"Horror,Mystery,Thriller",3.3,40632
tt0810913,movie,Jack and Jill,Jack and Jill,0,2011,,91,Comedy,3.3,93181
tt2025667,movie,Smiley,Smiley,0,2012,,95,"Horror,Mystery,Thriller",3.3,10061
tt7851428,movie,First Signal,First Signal,0,2021,,102,"Drama,Sci-Fi",3.3,12158
tt1411664,movie,Bucky Larson: Born to Be a Star,Bucky Larson: Born to Be a Star,0,2011,,97,Comedy,3.3,13229
tt0499487,movie,Goal! III,Goal III: Taking on the World,0,2009,,96,"Drama,Romance,Sport",3.2,13387
tt0400426,movie,Far Cry,Far Cry,0,2008,,95,"Action,Adventure,Sci-Fi",3.2,15326
tt2467046,movie,Left Behind,Left Behind,0,2014,,110,"Action,Fantasy,Sci-Fi",3.1,43649
tt11656172,movie,Hard Kill,Hard Kill,0,2020,,98,"Action,Thriller",3.1,19704
tt7059844,movie,Dabangg 3,Dabangg 3,0,2019,,160,"Action,Comedy,Crime",3.0,20914
tt0383222,movie,BloodRayne,BloodRayne,0,2005,,95,"Action,Fantasy,Horror",3.0,37893
tt21106646,movie,The Next 365 Days,The Next 365 Days,0,2022,,112,"Drama,Romance",2.9,11624
tt30422937,movie,Nadaaniyan,Naadaniyaan,0,2025,,119,"Drama,Romance",2.9,14669
tt0466342,movie,Date Movie,Date Movie,0,2006,,83,"Comedy,Romance",2.8,63350
tt5697572,movie,Cats,Cats,0,2019,,110,"Comedy,Drama,Family",2.8,57709
tt4867110,movie,Swiped,Swiped,0,2018,,93,"Comedy,Romance",2.8,12928
tt1572311,movie,Tees Maar Khan,Tees Maar Khan,0,2010,,135,"Comedy,Crime",2.8,15180
tt1883367,movie,The Human Centipede III (Final Sequence),The Human Centipede III (Final Sequence),0,2015,,102,"Comedy,Horror",2.7,21369
tt2574698,movie,Gunday,Gunday,0,2014,,152,"Action,Drama,Musical",2.7,60775
tt1127884,movie,Hannah Montana and Miley Cyrus: Best of Both Worlds Concert,Hannah Montana and Miley Cyrus: Best of Both Worlds Concert,0,2008,,74,"Documentary,Music",2.7,12253
tt12915716,movie,Adipurush,Adipurush,0,2023,,179,"Action,Drama",2.7,135488
tt5013984,movie,Gully,Gully,0,2019,,84,"Crime,Drama",2.7,23933
tt14121726,movie,Jeepers Creepers: Reborn,Jeepers Creepers: Reborn,0,2022,,88,"Horror,Mystery,Thriller",2.6,15998
tt0185183,movie,Battlefield Earth,Battlefield Earth,0,2000,,117,"Action,Adventure,Sci-Fi",2.5,84579
tt1098327,movie,Dragonball Evolution,Dragonball Evolution,0,2009,,85,"Action,Adventure,Fantasy",2.5,82954
tt0799949,movie,Epic Movie,Epic Movie,0,2007,,86,"Adventure,Comedy,Fantasy",2.4,111533
tt6910020,movie,Nothing to Lose,Nada a Perder,0,2018,,134,"Biography,Drama",2.4,23166
tt0118589,movie,Glitter,Glitter,0,2001,,104,"Drama,Music,Romance",2.4,24323
tt0369226,movie,Alone in the Dark,Alone in the Dark,0,2005,,96,"Action,Horror,Sci-Fi",2.4,47783
tt0785077,movie,Who's Your Caddy?,Who's Your Caddy?,0,2007,,93,"Comedy,Sport",2.3,15711
tt7255568,movie,Student of the Year 2,Student of the Year 2,0,2019,,146,"Action,Comedy,Drama",2.2,23310
tt15334030,movie,Martin,Martin,0,2024,,147,"Action,Drama,Thriller",2.2,35794
tt8366590,movie,Baaghi 3,Baaghi 3,0,2020,,143,Action,2.2,14498
tt0317676,movie,House of the Dead,House of the Dead,0,2003,,90,"Action,Adventure,Horror",2.1,39289
tt0804492,movie,The Hottie & the Nottie,The Hottie & the Nottie,0,2008,,91,"Comedy,Romance",2.0,39443
tt1213644,movie,Disaster Movie,Disaster Movie,0,2008,,87,"Comedy,Sci-Fi",1.9,96386
tt0339034,movie,From Justin to Kelly,From Justin to Kelly,0,2003,,81,"Comedy,Music,Musical",1.9,27192
tt10888594,movie,Radhe,Radhe,0,2021,,109,"Action,Thriller",1.8,180614
tt1316037,movie,Birdemic: Shock and Terror,Birdemic: Shock and Terror,0,2010,,105,"Horror,Thriller",1.7,26287
tt0417056,movie,Pledge This!,Pledge This!,0,2006,,91,Comedy,1.7,19083
tt6208148,movie,Snow White,Snow White,0,2025,,109,"Adventure,Family,Fantasy",1.6,349430
tt0270846,movie,Superbabies: Baby Geniuses 2,Superbabies: Baby Geniuses 2,0,2004,,88,"Comedy,Family,Sci-Fi",1.5,31989
tt10263320,movie,Enes Batur: Gerçek Kahraman,Enes Batur: Gerçek Kahraman,0,2019,,99,Comedy,1.4,10027
tt4009460,movie,Kirk Cameron's Saving Christmas,Saving Christmas,0,2014,,79,"Comedy,Family",1.3,17140
tt1309000,movie,Dream.net,Álom.net,0,2009,,90,"Comedy,Romance,Sport",1.3,10050
tt0421051,movie,Daniel the Wizard,Daniel der Zauberer,0,2004,,81,"Comedy,Crime,Fantasy",1.2,15089
tt6038600,movie,Smolensk,Smolensk,0,2016,,120,"Drama,Thriller",1.2,40345
tt7886848,movie,Sadak 2,Sadak 2,0,2020,,133,"Action,Drama",1.2,96981
tt7221896,movie,Cumali Ceber,Cumali Ceber,0,2017,,100,Comedy,1.0,39577
tt35295730,movie,A Business Proposal,A Business Proposal,0,2025,,117,"Comedy,Drama,Romance",1.0,22480
tt13423846,movie,321 Action,321 Action,0,2020,,100,Drama,1.0,10244
